Product,Brands,MRP,Offer_Price,Discount Price,Discount,Rating,Reviews
"Samsung Galaxy Book2 (NP750) Intel 12th Gen core i5 39.6cm (15.6"") FHD Thin & Light Laptop (8 GB/512 GB/Windows 11/MS Office/Backlit Keyboard/Finger Print Reader/Silver/1.55Kg), NP750XED-KC1IN",Samsung,83990,64490,19500,23,4.1,90
"Fujitsu CH Intel Evo Core i5 11th Gen 13.3” FHD IGZO Panel 400Nits Thin & Light Laptop(16GB/512GB SSD/Windows 11/Office 2021/Iris Xe Graphics/Backlit/2Yr Warranty/Brown/988gm),4ZR1H03553",Fujitsu,100590,54990,45600,45,3.9,143
"ASUS VivoBook 15 (2021), 15.6-inch (39.62 cm) HD, Dual Core Intel Celeron N4020, Thin and Light Laptop (4GB RAM/256GB SSD/Integrated Graphics/Windows 11 Home/Transparent Silver/1.8 Kg), X515MA-BR011W",Asus,33990,25990,8000,24,4.0,840
"HP 245 G8 Laptop PC with AMD Ryzen 3 3250U/8 GB DDR4 RAM/512 GB PCIe® NVMe™ SSD /AMD Radeon™ Graphics/35.6 cm (14"" inch)/DOS/Matte Black/1.5 KG/1 Year Onsite Warranty",HP,38574,25999,12575,33,4.0,3
"Lenovo E41-55 AMD 14-inch HD 220 Nits Antiglare Thin and Light Laptop (AMD Athlon A3150U/4GB RAM/256GB HDD/DOS/Integrated AMD Graphics/Grey/1 Year Onsite/1.59 kg), 82FJ00AGIH",Lenovo,38000,18990,19010,50,3.9,12
"Lenovo IdeaPad D330 Intel Celeron N4020 10.1"" (25cm) HD IPS Detachable 2-in-1 Laptop (4GB/128GB eMMC/Windows 10/1 Yr Warranty/Mineral Grey/1.1Kg), 82H0001YIN",Lenovo,32090,21797,10293,32,3.8,448
"HP 15s-Ryzen 3 3250U 8GB SDRAM/256GB SSD 15.6inch(39.6cm) HD, Micro-Edge Laptop/AMD Radeon Graphics/Dual Speakers/Win 11 Home/MS Office/Fast Charge/Jet Black/1.69Kg, 15s-ey1508AU",HP,43362,33490,9872,23,3.4,114
"Acer Extensa 15 Lightweight Laptop 11th Gen Intel Core i3 Processor with 15.6"" (39.6 cms) Full HD Display- (8 GB RAM/256GB SSD/Windows 11 Home/Intel UHD Graphics /1.7Kg/Black) EX215-54",Acer,43999,32990,11009,25,4.0,552
"ASUS Vivobook 16X (2022), 16.0-inch (40.64 cms) FHD+ 16:10, AMD Ryzen 5 5600H, Thin and Laptop (8GB/512GB SSD/Integrated Graphics/Windows 11/Office 2021/Silver/1.80 kg), M1603QA-MB501WS",Asus,68990,48999,19991,29,4.4,28
Acer Aspire 3 AMD A3020e Dual Core Processor (4GB RAM/256GB SSD/Windows 11 Home/ AMD Radeon Graphics/Black/1.9 Kg) A314-22 with 14 inches (35.5 cm) HD Laptop,Acer,34999,22900,12099,35,3.1,226
"Apple 2021 MacBook Pro (16-inch//41.05 cm, M1 Max chip with 10‑core CPU and 32‑core GPU, 32GB RAM, 1TB SSD) - Space Grey",Apple,329900,296894,33006,10,4.7,1145
"Apple 2023 MacBook Pro Laptop M2 Pro chip with 12‑core CPU and 19‑core GPU: 33.74 cm (16.2-inch), 16GB Unified Memory, 1TB SSD Storage. Works with iPhone/iPad; Space Grey",Apple,0,269900,0,0,5.0,4
"Lenovo IdeaPad Slim 3 Intel Celeron N4020 4th Gen 15.6"" (39.62cm) HD Thin & Light Laptop (8GB/256GB SSD/Windows 11/Office 2021/2Yr Warranty/3months Game Pass/Platinum Grey/1.7Kg), 81WQ00MQIN",Lenovo,40490,25990,14500,36,3.7,334
"HP 15s, AMD Athlon Silver 3050U 8GB RAM/512GB SSD 15.6-inches/39.6 cm HD, Micro-Edge Display/Windows 11/AMD Radeon Graphics/Dual Speakers/MSO/Fast Charge/1.69 Kg, 15s-eq1559AU",HP,39288,29212,10076,26,3.7,170
"(Renewed) Lenovo ThinkPad T450 Intel Core i5-5300U 14 inches Business Laptop Computer, 8GB RAM, 256GB SSD, Windows 10, 1.1925Kg, 1.1925Kg",Renewed,400000,16489,383511,96,3.7,374
Acer Aspire 3 (Made in India ) Laptop Intel Pentium Silver N6000 Processor (8 GB RAM/256 GB SSD/Windows 11/Silver/1.45 KG) A314-35 with 35.56 cm (14-inches) HD Display,Acer,39990,24990,15000,38,3.6,31
Mi NoteBook Pro QHD+ IPS Anti-Glare Display Intel Core I5-11300H 11th Gen 14 Inch Thin & Light Laptop (16GB/512GB SSD/Iris Xe Graphics/Windows 11 Home/MS Office 21/Backlit Keyboard/FP Sensor/1.4 Kg),MI,74999,56999,18000,24,4.3,950
"HP 14s, AMD Ryzen 5-5500U 14 inches(35cm) FHD, IPS, Micro-Edge Display Laptop (8GB RAM/512GB SSD /Radeon Graphics/Windows 11/Alexa/Backlit Keyboard/MS Office/1.46kg, 14s-fq1092au)",HP,55691,47990,7701,14,4.2,829
"Dell Vostro 3420 Laptop,12th Gen Intel Core i3-1215U, 8GB & 512GB SSD, 14.0"" (35.56Cms) FHD WVA AG 250 nits, Windows 11 + MSO'21, Carbon Black (D552325WIN9BE, 1.48 KGs)",Dell,61817,42990,18827,30,4.2,114
"Lenovo V15 Intel Celeron N4020 15.6"" (39.62 cm) HD 220 nits Antiglare Thin and Light Laptop (4GB RAM/256GB SSD/DOS/Iron Grey/1.85 kg), 82C3A008IH",Lenovo,52414,19990,32424,62,3.2,175
"Honor MagicBook 15, AMD Ryzen 5 5500U 15.6-inch (39.62 cm) FHD IPS Anti-Glare Thin and Light Laptop (8GB/256GB PCIe SSD/Windows 11/ Metal Body/Fingerprint Login/1.54Kg), Gray, BohrM-WDQ9CHNE",Honor,55999,39490,16509,29,4.3,481
"Apple 2020 MacBook Air Laptop M1 chip, 13.3-inch/33.74 cm Retina Display, 8GB RAM, 256GB SSD Storage, Backlit Keyboard, FaceTime HD Camera, Touch ID. Works with iPhone/iPad; Space Grey",Apple,99900,85990,13910,14,4.7,4281
"Lenovo IdeaPad Slim 3 Intel Core i3 12th Gen 15.6"" (39.62cm) FHD Thin & Light Laptop (8GB/512GB SSD/Windows 11/Office 2021/2Yr Warranty/3months Game Pass/Arctic Grey/1.63Kg), 82RK006DIN",Lenovo,66390,43990,22400,34,4.0,46
"Lenovo IdeaPad Slim 3 Intel Core i3-1115G4 11th Gen 15.6"" (39.62cm) FHD Laptop (8GB/256GB SSD/Win 11/Office 2021/2 Year Warranty/3 Month Game Pass/Platinum Grey/1.7Kg), 81X800LCIN",Lenovo,60890,33990,26900,44,4.0,84
"ASUS VivoBook 14 (2021), Intel Core i5-1035G1 10th Gen, 14-inch (35.56 cms) FHD Thin and Light Laptop (8GB/512GB SSD/Office 2021/Windows 11/Integrated Graphics/Silver/1.6 Kg), X415JA-EB521WS",Asus,64990,42990,22000,34,4.0,189
"ASUS VivoBook 14 (2021), 14-inch (35.56 cm) HD, Intel Pentium Silver N6000 Quad Core, Thin and Light Laptop (8GB/256GB SSD/Office 2021/Windows 11/Integrated Graphics/Silver/1.5 kg), X415KA-BV121WS",Asus,38990,28990,10000,26,3.9,78
"HP 15s AMD Ryzen 3- 5300U 15.6inch(39.6cm) FHD Laptop (8GB RAM/512GB SSD, Micro-Edge, Anti-Glare Display/Radeon Graphics/Windows 11 Home/Alexa/Dual Speakers/Ms Office/1.69Kg, 15s-Eq2143au)",HP,47142,38490,8652,18,4.0,1228
"Dell Inspiron 3520 Laptop,12th Gen Intel Core i5-1235U, Windows 11 + MSO'21, 8GB, 1TB HDD + 256GB SSD, 15.6"" (39.62Cms) FHD WVA AG 120Hz 250 nits, Black (D560900WIN9B, 1.65Kgs)",Dell,77301,53990,23311,30,5.0,6
"Dell Inspiron 3520 Laptop,12th Gen Intel Core i5-1235U, Windows 11 + MSO'21, 8GB, 1TB HDD+ 56GB SSD, 15.6"" (39.62Cms) FHD WVA AG 120Hz 250 nits, Backlit KB, Silver (D560917WIN9S, 1.65Kgs)",Dell,79928,60490,19438,24,3.5,4
"Lenovo IdeaPad Slim 3 Chromebook Intel Celeron N4020 4th Gen 11.6'' (29.46cm) HD Thin & Light Laptop (4GB/64GB eMMC/Chrome OS/Upto 10hr Battery/2W x2 HD Speaker/Onyx Black/1.12Kg), 82BA001PHA",Lenovo,30290,16949,13341,44,3.2,54
"Honor MagicBook 14, AMD Ryzen 5 5500U 14-inch (35.56 cm) FHD IPS Anti-Glare Thin and Light Laptop (16GB/512GB PCIe SSD/Windows 11/Fingerprint Login/Metal Body/Backlit KB/1.38Kg), Gray, NobelM-WFQ9AHNE",Honor,75999,44490,31509,41,0.0,0
"ASUS Vivobook 14, 14.0-inch (35.56 cms) HD, Intel Core i3-1005G1 10th Gen, Thin and Light Laptop (8GB/512GB SSD/Integrated Graphics/Windows 11/Office 2021/Silver/1.60 kg), X415JA-BV322WS",Asus,51990,33990,18000,35,3.9,130
"Apple 2023 MacBook Pro Laptop M2 Pro chip with 12‑core CPU and 19‑core GPU: 33.74 cm (16.2-inch), 16GB Unified Memory, 512GB SSD Storage. Works with iPhone/iPad; Space Grey",Apple,0,249900,0,0,5.0,1
"Apple 2021 MacBook Pro (16-inch/41.05 cm, M1 Max chip with 10‑core CPU and 32‑core GPU, 32GB RAM, 1TB SSD) - Silver",Apple,329900,306990,22910,7,4.7,1145
"ASUS TUF Gaming A15, 15.6"" (39.62 cm) FHD 144Hz, AMD Ryzen 9 5900HX, 6GB RTX 3060, Gaming Laptop (16GB/512GB SSD/90WHrs Battery/Windows 11/Black/2.30 Kg), FA506QM-HN124W",Asus,119990,98000,21990,18,4.2,129
"ASUS Vivobook 16X (2022), 16-inch (40.64 cms) WUXGA, AMD Ryzen 5 5600H, Thin and Light Laptop (8GB/512GB SSD/Integrated Graphics/Windows 11/Office 2021/Quiet Blue/1.8 kg), M1603QA-MB502WS",Asus,68990,49990,19000,28,4.2,75
"Samsung Galaxy Book2 (NP750) Intel 12th Gen core i7 39.6cm (15.6"") FHD Thin & Light Laptop (16 GB/512 GB/Windows 11/MS Office/Backlit Keyboard/Fingerprint Reader/Silver/1.55Kg), NP750XED-KC2IN",Samsung,95990,79990,16000,17,4.1,90
"Honor MagicBook X14, 11th Gen Intel Core i5-1135G7, 14-inch (35.56 cm) FHD IPS Anti-Glare Thin and Light Laptop (8GB/512GB PCIe SSD/Windows 11/Backlit Keyboard/ Fingerprint Login/1.38Kg), Space Gray",Honor,66999,46489,20510,31,4.3,20
"MSI Cyborg 15, Intel 12th Gen. i7-12650H, 40CM FHD 144Hz Gaming Laptop (16GB/512GB NVMe SSD/Windows 11 Home/Nvidia GeForce RTX4060, 8GB GDDR6/Translucent Black/1.98Kg), A12VF-069IN",MSI,134990,124837,10153,8,0.0,0
"Lenovo ThinkBook 15 G3 Ryzen 3 15.6"" FHD Thin and Light Laptop (8GB RAM/512GB SSD/Windows 11 Home/Fingerprint Reader/Mineral Grey/1.7 kg), 21A4A08WIH",Lenovo,58500,35990,22510,38,0.0,0
"ASUS VivoBook 15, Intel Core i3-1115G4 11th Gen, 15.6"" (39.62 cm) FHD, Thin & Light Laptop (8GB/512GB SSD/Integrated Graphics/Windows 11/Office 2021/Black/1.8 kg), X1500EA-EJ322WS",Asus,52990,37990,15000,28,2.9,9
"MSI Cyborg 15, Intel 12th Gen. i7-12650H, 40CM FHD 144Hz Gaming Laptop (16GB/512GB NVMe SSD/Windows 11 Home/Nvidia GeForce RTX4050, 6GB GDDR6/Translucent Black/1.98Kg), A12VE-070IN",MSI,129990,114440,15550,12,0.0,0
"Lenovo Ideapad 3 AMD Ryzen 5 5500U 15.6"" (39.62cm) FHD Thin & Light Laptop (8GB/512GB SSD/Windows 11/Office 2021/Backlit Keyboard/2Yr Warranty/Arctic Grey/1.65Kg), 82KU017KIN",Lenovo,68490,45126,23364,34,4.2,1310
Acer Aspire Vero Green Thin and Light Laptop Intel Core i5 11th Gen ( Windows 11 Home/MS Office/8 GB/512 GB SSD/ Fingerprint Reader/ Backlit KB) AV15-51 with 39.6 cm (15.6 inch) with FHD IPS Display,Acer,62999,49621,13378,21,4.1,54
"Lenovo ThinkBook 15 AMD Ryzen 5 5500U 15.6"" (39.62cm) FHD 220 nits Antiglare Thin and Light Laptop (8GB/512GB SSD/Windows 11/MS Office/Mineral Grey/1.7 Kg), 21A4A09UIH",Lenovo,92700,45990,46710,50,3.9,83
"Apple 2020 MacBook Air Laptop M1 chip, 13.3-inch/33.74 cm Retina Display, 8GB RAM, 256GB SSD Storage, Backlit Keyboard, FaceTime HD Camera, Touch ID. Works with iPhone/iPad; Silver",Apple,99900,85990,13910,14,4.7,4281
"ASUS VivoBook 15 (2022), Intel®Core™ i3-1215U 12th Gen, 15.6"" (39.62 cm) FHD, Thin and Light Laptop (8GB/512 SSD//Windows 11/Office 2021//Backlit KB/Icelight Silver/1.7 kg), X1502ZA-EJ322WS",Asus,56990,42990,14000,25,2.5,2
"Lenovo IdeaPad Slim 5 Intel Core i5 11th Gen 15.6"" (39.62cm) FHD IPS Thin & Light Laptop (16GB/512GB SSD/Windows 11/Office 2021/Backlit/FPR/3months Game Pass/Graphite Grey/1.66Kg), 82FG01B5IN",Lenovo,97890,59418,38472,39,4.2,81
MI Notebook Ultra 3.2K Resolution Display Intel Core I5-11300H 11Th Gen 15.6 Inches Thin Light Laptop(16Gb/512Gb Ssd/Iris Xe Graphics/Windows 11 Home/Ms Office 21/Backlit Kb/Fingerprint Sensor/1.7Kg),MI,76999,59999,17000,22,4.3,1176
"Dell Inspiron 5320 Laptop, Intel i7-1260P, 16GB LPDDR5, 512GB SSD, Integrated, 13.3"" (33.78Cms) QHD+ WVA AG 300 nits, Win 11+ MSO'21, Platinum Silver (D560754WIN9S, 1.25Kgs)",Dell,120149,84590,35559,30,3.5,9
"ASUS VivoBook 14 (2021), Intel Core i5-1135G7 11th Gen, 14-inch (35.56 cms) FHD Thin and Light Laptop (8GB/1TB HDD + 256GB SSD/Office 2021/Windows 11/Iris Xe Graphics/Silver/1.6 Kg), X415EA-EK572WS",Asus,72990,49990,23000,32,4.1,538
"ASUS Eeebook 14, Intel Celeron N4500, 14"" (35.56 cm) HD, Thin and Light Laptop (4GB/256GB SSD/Integrated Graphics/Windows 11/with Numberpad/Blue/1.3 kg), E410KA-BV001W",Asus,36990,22990,14000,38,0.0,0
"Apple 2023 MacBook Pro Laptop M2 Pro chip with 12‑core CPU and 19‑core GPU: 33.74 cm (14.2-inch), 16GB Unified Memory, 1TB SSD Storage. Works with iPhone/iPad; Silver",Apple,0,249900,0,0,5.0,1
"HP 245 G8 Laptop with AMD Athlon Silver 3050U APU/ 8GB Ram/ 1TB HDD/ Windows 11/AMD Radeon Vega 8 Mobile Graphics/35.6 cm HD (1366 x 768), SVA , Anti-Glare WLED/Black/1 Year Onsite Warranty",HP,99776,25999,73777,74,3.1,4
Lenovo V14-IGL Laptop Intel Celeron N4020/4GB DDR4 RAM/256GB SSD/DOS/14.0 HD/ Intel UHD Graphics 600/1 Year Warranty,Lenovo,89999,19999,70000,78,0.0,0
"Honor MagicBook 14, AMD Ryzen 5 5500U 14-inch (35.56 cm) FHD IPS Anti-Glare Thin and Light Laptop (8GB/512GB PCIe SSD/Windows 11/Fingerprint Login/Metal Body /Backlit KB/1.38Kg), Gray, NobelM-WDQ9BHNE",Honor,65999,41489,24510,37,4.3,481
"HP G8 6E3Z1PA Ryzen 3 Dual Core AMD Ryzen 3 3250U - (8 GB/512 GB SSD/DOS) 245 G8 Laptop (14 inch, Black, 1.94 kg)",HP,38574,25999,12575,33,5.0,1
"HP 15s, 11th Gen Intel Core i3 8GB RAM/1TB HDD+256 GB SSD 15.6-inches/39.6 cm FHD Laptop/Windows 11/Intel UHD Graphics/Dual Speakers/Alexa/MSO/Fast Charge/1.75 Kg, 15s-du3614TU",HP,51470,39990,11480,22,3.5,43
"ASUS Vivobook 15, Intel Core i3-1220P 12th Gen, 15.6"" (39.62 cm) FHD, Thin and Laptop (8GB/512GB SSD/Integrated Graphics/Windows 11/Office 2021/Alexa Built-in/FP Sensor/Blue/1.7 kg), X1502ZA-EJ381WS",Asus,60990,42990,18000,30,4.3,4
"Lenovo E41-55 AMD 14-inch HD 220 Nits Antiglare Thin and Light Laptop (AMD Athlon A3050U/4GB RAM/1TB HDD/DOS/Integrated AMD Graphics/Grey/1 Year Onsite/1.59 kg), 82FJ00B2IH",Lenovo,35460,18990,16470,46,2.0,1
"ASUS VivoBook Flip 14 (2021), 14-inch (35.56 cm) FHD Touch, Intel Core i3-1115G4 11th Gen, 2-in-1 Laptop (8GB RAM/256GB SSD/Office 2021/Windows 11/Integrated Graphics/Black/1.5 Kg), TP470EA-EC302WS",Asus,66990,44990,22000,33,4.2,15
"ASUS VivoBook Ultra K14, Intel Core i3-1125G4 11th Gen, 14"" (35.56 cms) FHD Thin and Light Laptop (8GB/512GB SSD/Windows 11/Office 2021/Integrated Graphics/Transparent Silver/1.4 kg), K413EA-EB311WS",Asus,58990,40990,18000,31,4.0,45
"Acer Aspire 3 Thin and Light Laptop AMD Ryzen 5 7520U Quad-Core Processor (8 GB/ 512 GB SSD/ Windows 11 Home/ MS Office) Pure Silver, A315-24, 39.6 cm (15.6 inches) FHD Display / 1.78 Kg",Acer,53999,47990,6009,11,0.0,0
Acer Swift 3 SF314-512 Intel EVO Thin & Light Laptop (12th Gen Intel Core i5-1240P processor/16GB/512GB/Windows 11/MS Office/1.2kg/Backlit Keyboard/Fingerprint Reader/14 Full IPS Display),Acer,100000,69700,30300,30,4.1,44
"ASUS Vivobook Pro 14 OLED, 14-inch (35.56 cms) 2.8K OLED 16:10 90Hz, AMD Ryzen 5 5600H, Thin and Light Laptop (16GB/512GB SSD/Integrated Graphics/Windows 11/Office 2021/Silver/1.4 kg), M3400QA-KM512WS",Asus,80990,59990,21000,26,4.4,193
"HP Pavilion 14 12th Gen Intel Core i5 8GB RAM/512GB SSD 14 inch(35.6cm) IPS Micro-Edge FHD Laptop/Intel Iris Xe Graphics/B&O/Win 11/Alexa Built-in/Backlit KB/MSO 2021/Natural Silver, 14-dv2053TU",HP,73688,61990,11698,16,4.1,247
"Lenovo E41-55 AMD 14-inch HD 220 Nits Antiglare Thin and Light Laptop (AMD Athlon A3050U/4GB RAM/256GB SSD/Windows 10 Home/Integrated AMD Graphics/Grey/1 Year Onsite/1.59 kg), 82FJ00BLIH",Lenovo,56306,20990,35316,63,3.0,2
"(Renewed) DELL Latitude 5490 Core i5 8th Gen Laptop, 16 GB RAM, 512GB SSD, Intel HD Graphics, 14 inch (36.83 cms) HD Screen, Windows 11 (Upgraded), MS Office, Black, Slim",Renewed,59999,24999,35000,58,3.3,114
Mi Notebook Pro 11th Gen Intel Core i5-11300H Thin & Light (8GB/512GB SSD/Iris Xe Graphics/14″ QHD+ IPS Anti-Glare Display/Win 11/Thunderbolt 4/MS Office '21/Backlit Keyboard/FP Sensor/1.4 Kg),MI,69999,54999,15000,21,4.3,774
"Chuwi HeroBook Air 11.6"" Windows 11 Laptop, Intel Celeron N4020 Processor, 4GB LPDDR4 RAM, 128GB SSD, HD Display, WiFi, Webcam, Ultra Slim and Light Notebook PC for School",Chuwi,29990,15990,14000,47,4.1,14
"Lenovo IdeaPad Slim 1 Intel Celeron N4020 4th Gen 11.6'' (29.46cm) HD Thin & Light Laptop (4GB/256GB SSD/Windows 11/Office 2021/3months Game Pass/Platinum Grey/1.2Kg), 81VT009UIN",Lenovo,34890,24990,9900,28,3.8,919
"ASUS Vivobook 14, Intel Core i3-1115G4 11th Gen, 14"" (35.56 cm) FHD, Thin and Light Laptop (8GB/512GB SSD/Office 2021/Windows 11 Home/Integrated Graphics/FP Reader/Silver/1.6 kg), X415EA-EB322WS",Asus,55990,37000,18990,34,4.1,205
"HP 15s, AMD Ryzen 3 5300U, 15.6 inch(39.6cm) FHD Anti-Glare Laptop(8GB SDRAM/512GB SSD/AMD Radeon Graphics/Win 11/MSO/Dual Speakers) 15s- eq2212AU",HP,48419,37490,10929,23,4.0,1
"(Renewed) Dell Latitude E7250 5th Gen Intel Core i5 Thin & Light HD Laptop (8 GB RAM/256 GB SSD/12.5"" (31.8 cm) HD/Windows 10/MS Office/WiFi/Bluetooth 4.1/Webcam/Integrated Graphics)",Renewed,89999,17999,72000,80,0.0,0
"ASUS Vivobook 15 (2022), 12th Gen Intel Core i5-1235U, 15.6"" (39.62 cm) FHD, Thin and Light Laptop (8GB/512GB SSD/Integrated Graphics/Windows 11/Alexa/Office 2021/Blue/1.7 kg), X1502ZA-EJ514WS",Asus,70990,56990,14000,20,3.2,7
Lenovo E41-55 Laptop ( AMD Athlon Pro 3045B/ 4GB RAM/ 1TB HDD/ Windows 11 Home / AMD Radeon Graphics/ 14 Inches/ 1 Year Warranty) Black,Lenovo,78654,21999,56655,72,3.1,16
"Acer Travelmate Business Laptop Intel Core i5-1135G7 Processor ( 16GB DDR4/ 512GB SSD /Intel Iris Xe Graphics/ Windows 11 Home/MS Office) TMP214-53 with 35.56 cm (14.0"") Full HD Display",Acer,72000,57990,14010,19,4.0,6
"MSI Katana GF66 Thin, Intel 12th Gen. i5-12450H, 40CM FHD 144Hz Gaming Laptop (16GB/512GB NVMe SSD/Windows 11 Home/Nvidia RTX3050Ti 4GB GDDR6/Black/2.25Kg), 12UD-640IN",MSI,100990,75990,25000,25,4.4,13
"Dell Inspiron 3511 Windows 11 Laptop, Intel i3-1115G4, 8GB DDR4 & 512GB SSD, Win 11 + MSO'21, 15.6"" (39.62Cms) FHD WVA AG, Carbon Black - D560801WIN9B, 1.8Kgs",Dell,55047,43990,11057,20,3.9,37
"Dell Inspiron 3520 Laptop,12th Gen Intel i5-1235U, 8GB, 512GB SSD, 15.6"" (39.62Cms) FHD WVA AG 120Hz 250 nits, Win 11 + MSO'21, Black, (D560865WIN9B, 1.65Kgs)",Dell,75649,57990,17659,23,3.5,4
"Lenovo ThinkPad E15 Intel Core i3 11th Gen 15.6-inch (39.62 cm) FHD Antiglare Thin and Light Laptop (8GB RAM/256GB SSD/Windows 11 Home/MS Office H&S 2021/FPR/Black/1.7 kg), 20TDS0T900",Lenovo,68760,44990,23770,35,3.8,28
Acer Aspire 3 AMD 3020e Dual core Processor (4GB DDR4 RAM / 1TB HDD / Windows 11 Home/ Black /Narrow Bezel / 1.9 Kg) A314-22 with 14 inches (35.5 cm) HD Display Laptop,Acer,34999,24990,10009,29,3.1,226
"Apple 2023 MacBook Pro Laptop M2 Pro chip with 12‑core CPU and 19‑core GPU: 33.74 cm (16.2-inch), 16GB Unified Memory, 512GB SSD Storage. Works with iPhone/iPad; Silver",Apple,0,249900,0,0,0.0,0
"HP 247 G8 Laptop (AMD Athlon P-3045B HD/ 14 inches(35.5cm) HD /8GB RAM DDR4 /1TB HDD /Windows 11 Home/ W11 SL) One Year Warranty, Black, 67U77PA",HP,32212,28958,3254,10,3.6,221
"HP 15s, Ryzen 5-5500U, 16GB RAM/512GB SSD 15.6-inches(39.6 cm) FHD, Micro-Edge, Anti-Glare Display/Alexa Built-in/Windows 11 /AMD Radeon Graphics/Dual Speakers/MS Office 2021/1.69 Kg, 15s-eq2182AU",HP,59109,48990,10119,17,4.3,143
"Lenovo ThinkPad E14 Intel Core i5 12th Gen 14"" FHD Thin and Light Laptop (16GB RAM/1TB SSD/Windows 11 Home/MS Office H&S 2021/FPR/Backlit Keyboard/Black/1.59 kg), 21E3S04U00",Lenovo,122400,77990,44410,36,4.7,4
"HP 255 G8 Laptop with AMD Athlon Silver 3050U APU/ 8GB Ram/ 256GB SSD/Windows 11/AMD Radeon Vega 8 Mobile Graphics/39.6 cm HD (1366 x 768), SVA, Anti-Glare WLED/Black/1 Year Onsite Warranty",HP,99999,25499,74500,75,0.0,0
"HP G8 Core Intel i3 11th Gen - (8 GB/512 GB SSD/Windows 11 Home) 240 G8 Business Laptop (14 inch, Black Grey, 1.47 kg) 689T7PA",HP,45743,34709,11034,24,3.5,16
"HP 15s,12th Gen Intel Core i3-1215U, 15.6 inch(39.6cm) FHD IPS Laptop(8GB RAM/512 GB SSD/Intel UHD Graphics/Win 11/Backlit Keyboard/Dual Speakers/MSO) 15s-fq5007TU",HP,57970,45490,12480,22,2.9,5
"ASUS Vivobook 14 OLED,12th Gen Intel Core i3-1215U,14""(35.56 cm) 2.8K OLED 16:10 90Hz,Thin & Laptop(8GB/512GB SSD/Windows 11 Home/Office 2021/Alexa/Backlit KB/Fingerprint/Black/1.6 kg),X1405ZA-KM311WS",Asus,66990,51990,15000,22,4.0,8
"Lenovo IdeaPad Slim 1 AMD Ryzen 3 3250U 15.6"" (39.62cm) FHD Thin & Light Laptop (8GB/512GB SSD/Windows 11/Office 2021/3months Game Pass/Cloud Grey/1.6Kg), 82R10049IN",Lenovo,54490,33628,20862,38,3.9,399
"Lenovo IdeaPad Slim 5 12th Gen Intel Core i5-1235U 15.6"" (39.62cm) FHD IPS Anti-Glare (16GB/512GB SDD/Windows 11/Office 2021/Backlit/1Yr Warranty/3months Game Pass/Storm Grey/1.85Kg), 82SF008YIN",Lenovo,97890,68200,29690,30,3.9,61
"MSI Gaming Sword 15, Intel 12th Gen. i5-12500H, 40CM FHD 144Hz Gaming Laptop (16GB/1TB NVMe SSD/Windows 11 Home/Nvidia RTX 3050 4GB GDDR6/ Black/2.6Kg), A12UC-467IN",MSI,106990,83990,23000,21,4.4,79
"ASUS VivoBook 14 (2021), Intel Core i5-1135G7 11th Gen, 14-inch (35.56 cms) FHD Thin and Light Laptop (8GB/512GB SSD/Office 2021/Windows 11/Integrated Graphics/Silver/1.6 Kg), X415EA-EK522WS",Asus,70990,47490,23500,33,3.4,4
"Acer Travelmate Intel® Pentium® Gold 7505 Processor 15.6 inches Display HD 1366 x 768 Business Laptop (4GB Ram/1TB HDD/Windows 11 Home/Microsoft365(6months)/Intel UHD Graphics/Black/1.8 Kg), TMP215-53",Acer,46999,26990,20009,43,2.2,18
"Acer One 14 Business Laptop AMD Athlon 3045 B Processor (4GB RAM/256GB SSD/AMD Radeon Graphics/Windows 11 Home) Z2-493 with 35.56 cm (14.0"") HD Display (Black)",Acer,40999,20990,20009,49,3.5,81
"HP 255 G8 Laptop with AMD Athlon Silver 3050U APU/ 8GB Ram/ 1TB HDD/DOS/AMD Radeon Vega 8 Mobile Graphics/39.6 cm HD (1366 x 768), SVA, Anti-Glare WLED/Black/1 Year Onsite Warranty",HP,87659,27990,59669,68,3.4,26
"HP 15s, AMD Ryzen 3 3250U, 15.6 inch(39.6cm) HD Laptop(8GB RAM/256 GB SSD/AMD Radeon Graphics/Win 11/MSO/Dual Speakers) 15s-er1501AU",HP,43628,27990,15638,36,3.2,13
"ASUS Vivobook 14 OLED,12th Gen Intel Core i5-1235U,14""(35.56 cms) 2.8K OLED 16:10 90Hz,Thin Laptop(16GB/512GB SSD/Windows 11 Home/Office 2021/Alexa/Backlit KB/Fingerprint/Black/1.6 kg),X1405ZA-KM511WS",Asus,85990,69990,16000,19,4.6,6
"Lenovo ThinkPad E14 Intel Core i5 12th Gen 14"" FHD Thin and Light Laptop (16GB RAM/512GB SSD/Windows 11 Home/MS Office H&S 2021/FPR/Backlit Keyboard/Black/1.59 kg), 21E3S04W00",Lenovo,113400,70990,42410,37,3.9,67
"Lenovo Yoga Slim 7 Pro Intel Evo Core i5-11320H 14""(35.6cm) 2.8K 400nits Thin & Light Laptop(16GB/512GB SSD/Win11/Office 2021/90Hz/Backlit/3Yr Brand Warranty/Slate Grey/Metal Surface/1.3Kg),82NC00EWIN",Lenovo,106290,69978,36312,34,4.3,100
"Apple 2022 MacBook Pro Laptop with M2 chip: 33.74 cm (13.3-inch) Retina Display, 8GB RAM, 512GB SSD ​​​​​​​Storage, Touch Bar, Backlit Keyboard, FaceTime HD Camera; Silver ​​​​​​​",Apple,0,149900,0,0,4.3,7
"Samsung Galaxy Book2 Pro Intel 12th Gen i5 EvoTM 33.78cm (13.3"") AMOLED Thin & Light Laptop (16 GB/512 GB SSD/Windows 11/MS Office/Backlit KB/Fingerprint Sensor/Silver/0.87Kg), NP930XED-KB3IN",Samsung,129990,98990,31000,24,3.9,29
"Samsung Galaxy Book2 360 Intel 12th Gen i7 EvoTM 33.78cm (13.3"") AMOLED 2 in 1 Touch Screen Laptop (16 GB/512 GB SSD/Windows 11/MS Office/Backlit KB/Fingerprint Sensor/Graphite/1.16Kg), NP730QED-KA1IN",Samsung,128990,99990,29000,22,4.2,47
"Apple 2022 MacBook Air Laptop with M2 chip: 34.46 cm (13.6-inch) Liquid Retina Display, 8GB RAM, 256GB SSD Storage, Backlit Keyboard, 1080p FaceTime HD Camera. Works with iPhone/iPad; Space Grey",Apple,119900,113990,5910,5,4.8,17
"HP Chromebook MediaTek Kompanio 500 11.6 inch (29.5 cm) HD, Anti -Glare, Touchscreen Laptop(4 GB LPDDR4/64 GB EMMC Storage/Chrome OS/Dual Speakers/Snow White/1.07 Kg)-11a-na0006MU",HP,25451,20990,4461,18,3.7,145
"MSI Modern 15, Intel 12th Gen. i5-1235U, 40CM FHD 60Hz Laptop (16GB/512GB NVMe SSD/ Windows 11 Home/Iris Xe Graphics/Classic Black/1.7Kg), B12M-227IN",MSI,72990,58490,14500,20,3.0,2
HP 240 G8 689U3PA 14 inch Laptop Core i5-1135G7/8 GB /512 GB PCIe® NVMe™ SSD /Intel® Iris® Xᵉ Graphics/Windows 11/Black/1 Year Warranty,HP,64947,48990,15957,25,0.0,0
"Lenovo V15 AMD Ryzen 5 5500U 15.6"" (39.62cm) FHD 250 nits Antiglare Thin and Light Laptop (8GB/512GB SSD/Windows 11 Home/Iron Grey/1.7 Kg), 82KDA00XIH",Lenovo,67500,39899,27601,41,3.5,182
"(Renewed) Dell Latitude E7270 6th Gen Intel Core i7 Thin & Light FHD Laptop (16 GB DDR4 RAM/512 GB SSD/12.5"" (31.8 cm) FHD/Windows 11/MS Office/WiFi/Bluetooth/Webcam/Integrated Graphics)",Renewed,89999,24490,65509,73,4.0,1
"Lenovo Ideapad 3 10Th Gen Intel Core I5 15.6 Inches Fhd Thin and Light Laptop(8Gb/512Gb Ssd/2Gb Mx330 Gfx/2Yr Warranty/Windows 11 Home/Office 2021/250Nits/Platinum Grey/1.7Kg), 81WB01G0IN",Lenovo,76890,48990,27900,36,0.0,0
Acer Predator Helios 500 Gaming Laptop (11Th Gen Intel Core I9/17.3 Inches 4K Uhd Display/64Gb Ddr4 Ram/2Tb Ssd/1Tb HDD/RTX 3080 Graphics/Windows 10 Home/Per Key RGB Backlit Keyboard) Ph517-52,Acer,449999,432159,17840,4,4.1,6
"(Renewed) Lenovo ThinkPad 8th Gen Intel Core i5 Thin & Light HD Laptop (16 GB DDR4 RAM/256 GB SSD/14"" (35.6 cm) HD/Windows 11/MS Office/WiFi/Bluetooth 4.1/Webcam/Integrated Graphics)",Renewed,89999,23999,66000,73,0.0,0
"ASUS Vivobook S15 OLED 2022, 15.6"" 39.62 cms FHD OLED, Intel Core Evo i7-12700H 12th Gen, Thin and Light Laptop (16GB/512GB SSD/Iris Xe Graphics/Windows 11/Office 2021/Black/1.8 kg) K3502ZA-L702WS",Asus,116990,84000,32990,28,4.0,9
"ASUS Vivobook 15 (2022), 15.6"" (39.62 cms) FHD, Intel Core i3-1220P 12th Gen, Thin and Light Laptop (8GB/512GB SSD/Iris Xe Graphics/Windows 11/Office 2021/Blue/1.7 kg), X1502ZA-EJ311WS",Asus,60990,42990,18000,30,4.2,33
"(Renewed) Lenovo Thinkpad L450 5th Gen Intel Core i5 HD Laptop (8 GB RAM/500 GB HDD/14"" (35.6 cm)/Windows 10 Pro/MS Office/WiFi/Bluetooth 4.0/Webcam/Intel HD Graphics)",Renewed,89999,16990,73009,81,3.1,65
"ASUS TUF Gaming F15, 15.6-inch (39.62 cms) FHD 144Hz, Intel Core i5-10300H 10th Gen, 4GB NVIDIA GeForce GTX 1650, Gaming Laptop (8GB/512GB SSD/Windows 11/Office H&S/Black/2.3 Kg), FX506LHB-HN355WS",Asus,74990,56990,18000,24,4.3,942
"(Renewed) Lenovo IdeaPad Slim 3 Intel Core i5 11th Gen 15.6"" (39.62cm) FHD Laptop (16GB/512GB SSD/Win 11/Office 2021/2 Years Warranty/Alexa Built-in/3 Month Game Pass/Arctic Grey/1.65Kg), 82H802XXIN",Renewed,56990,47591,9399,16,0.0,0
"ASUS Vivobook 14, 14.0-inch (35.56 cms) FHD, Intel Core i3-1005G1 10th Gen, Thin and Light Laptop (8GB/512GB SSD/Integrated Graphics/Windows 11/Office 2021/Grey/1.60 kg), X415JA-EK324WS",Asus,38999,33799,5200,13,3.9,130
"Apple 2023 MacBook Pro Laptop M2 Pro chip with 10‑core CPU and 16‑core GPU: 33.74 cm (14.2-inch), 16GB Unified Memory, 512GB SSD Storage, Works with iPhone/iPad; Silver",Apple,0,199900,0,0,0.0,0
"Samsung Galaxy Book2 Pro Intel 12th Gen i7 EvoTM 39.62cm (15.6"") AMOLED Thin & Light Laptop (16 GB/512 GB SSD/Windows 11/MS Office/Backlit KB/Fingerprint Sensor/Graphite/1.11Kg), NP950XED-KA1IN",Samsung,149990,115990,34000,23,3.9,29
"Apple 2023 MacBook Pro Laptop M2 Pro chip with 12‑core CPU and 19‑core GPU: 33.74 cm (14.2-inch), 16GB Unified Memory, 1TB SSD Storage. Works with iPhone/iPad; Space Grey",Apple,0,249900,0,0,5.0,1
Lenovo E41-55 AMD 14-inch (35.56cm) HD Thin and Light Laptop (AMD Athlon Pro 3045B / 8GB RAM/ 1TB HDD/Windows 11 /Integrated AMD Radeon Graphics/Iron Grey/ 1.59 kg),Lenovo,78654,22999,55655,71,3.3,93
"(Renewed) Lenovo Thinkpad Laptop X250 Intel Core i5 - 5300u Processor, 8 GB Ram & 256 GB SSD, Win10, 12.5 inches 1.3 kg Ultralight Computer , Windows 10 Pro",Renewed,89999,15999,74000,82,3.6,69
(Renewed) DELL LATITUDE 7390 (Core i5 8th GEN /8GB RAM/ 256GB SSD/ WEBCAM/ 13.3'' TOUCH/ WIN-10 PRO) 1 Year Warranty,Renewed,68500,25399,43101,63,3.0,2
"Lenovo IdeaPad Flex 5 AMD Ryzen 5 5500U 14"" (35.56cm) WUXGA IPS 2-in-1 Convertible Touchscreen Laptop (16GB/512GB SDD/Win11/Office 2021/Backlit/FPR/3months Game Pass/Storm Grey/1.55Kg), 82R9008GIN",Lenovo,95090,63490,31600,33,3.9,26
"Lenovo IdeaPad Slim 1 Ryzen 3 7320U 15.6"" (39.62cm) FHD Laptop (8GB/512GB SSD/Win 11/Office 2021/2 Year Warranty/Alexa Built-in/3 Month Game Pass/Cloud Grey/1.58Kg), 82VG009MIN",Lenovo,59390,40990,18400,31,0.0,0
"ASUS ROG Flow X16 (2022), 16"" (40.64 cm) QHD+ 16:10 165Hz/3ms Touch, AMD Ryzen 7 6800HS, 4GB RTX 3050 Ti, 2-in-1 Gaming Laptop (16GB/1TB SSD/Windows 11/with Office/Gray/2.00 Kg), GV601RE-M6012WS",Asus,206990,151106,55884,27,3.5,3
"Lenovo (Renewed) Thinkpad T460 14-inch (35 cm) Laptop (Intel, I5-6300U/16GB/256GB/Dos/Integrated Graphics), Black",Lenovo,50000,19989,30011,60,3.9,129
"HP 245 G8 689T3PA Laptop with Ryzen 3 3250U / 8GB Ram/ 512GB SSD/Windows 11 SL/AMD Radeon Vega 8 Mobile Graphics/14.1 inch HD (1366 x 768), SVA, Anti-Glare WLED/Black/1 Year Onsite Warranty",HP,40528,28490,12038,30,4.0,1
(Renewed) Lenovo ThinkPad T Series T450 (20BV0064US) Laptop Intel Core i5 5300U (2.30 GHz) 4 GB Memory 500 GB HDD 14 1366 x 768 Intel HD Graphics 5500 Windows 7 Professional 64-Bit / Windows 10 Pro Downgrade inches,Renewed,70000,15526,54474,78,3.8,39
"Lenovo E41-55 AMD 14-inch HD 220 Nits Antiglare Thin and Light Laptop (AMD Athlon A3050U/4GB RAM/1TB HDD/DOS/Integrated AMD Graphics/Grey/1 Year Onsite/1.59 kg), 82FJ00B5IH",Lenovo,51118,18990,32128,63,1.0,1
"ASUS Vivobook S15 OLED 2022, 15.6"" 39.62 cm FHD OLED, Intel Core Evo i5-12500H 12th Gen, Thin and Light Laptop (16GB/512GB SSD/Iris Xe Graphics/Windows 11/Office 2021/Black/1.8 kg) K3502ZA-L502WS",Asus,92990,74990,18000,19,4.0,153
"HP Pavilion Laptop 15,12th Gen Intel Core i5-1240P 15.6 inch(49.6cm) FHD IPS Laptop(16GB RAM/512GB SSD/Intel Iris Xe Graphics/Win 11/MSO 2021/Backlit/Flicker Free/B&O/Alexa) 15-eg2091TU",HP,82580,72490,10090,12,0.0,0
HP 245 G8 3S7L2PA Notebook Business Laptop 14 Inch HD (AMD Ryzen 3-3250/4 GB RAM / 1TB HDD/Windows 11 Home) 1 Year Onsite Brand Warranty,HP,39600,27927,11673,29,3.2,124
"ASUS Eeebook 14, 14-inch (35.56 cms) HD, Intel Pentium Silver N6000, Thin and Laptop (4GB/256GB SSD/Integrated Graphics/Windows 11/Office 2021/Black/1.3 kg), E410KA-BV121WS",Asus,38990,25990,13000,33,4.1,9
"Lenovo ThinkPad T14 Intel 11th Gen Core i7 14"" (35.56 cm) FHD IPS 300 nits Antiglare Laptop (16GB/512GB SSD/Win 11 Pro/NVIDIA MX450 2GB/Backlit/3Y Premier Support/Black/1.53 Kg), 20W0S1HU00",Lenovo,229062,139990,89072,39,0.0,0
Acer Swift X Sfx14-41G Creator Laptop Thin & Light 14 Inches Full Hd 100% Srgb AMD Ryzen 7 5800U Nvidia RTX 3050Ti Laptop Graphics 16Gb Lpddr4X 1Tb Ssd Backlit Kb 1.39Kg Mso Windows 11 Home,Acer,139999,99990,40009,29,3.9,5
"Lenovo ThinkBook 15 Intel 12th Gen Core i5 15.6"" (39.62cm) FHD 250 nits Antiglare Thin and Light Laptop (16GB/512GB SSD/Windows 11 Home/MS Office H&S 2021/Backlit/Mineral Grey/1.7 Kg), 21DJA04LIH",Lenovo,106200,61990,44210,42,3.4,44
"Apple 2021 MacBook Pro (16-inch/41.05 cm, M1 Pro chip with 10‑core CPU and 16‑core GPU, 16GB RAM, 1TB SSD) - Silver",Apple,259900,243990,15910,6,4.7,1145
"MSI Katana GF66, Intel 11th Gen. i7-11800H, 40CM FHD 144Hz Gaming Laptop (16GB/512 GB NVMe SSD/ Windows 11 Home/NVIDIA RTX 3060 6GB GDDR6/Black/2.25Kg), 11UE-861IN",MSI,123990,84990,39000,31,3.3,6
"ASUS TUF Dash F15 (2022), 15.6-inch (39.62 cms) FHD 144Hz, Intel Core i5-12450H 12th Gen, RTX 3050 4GB Graphics, Gaming Laptop (8GB/512GB SSD/Windows 11/Office 2021/Black/2 kg), FX517ZC-HN036WS",Asus,101990,81018,20972,21,4.3,45
"Apple 2020 MacBook Air Laptop M1 chip, 13.3-inch/33.74 cm Retina Display, 8GB RAM, 256GB SSD Storage, Backlit Keyboard, FaceTime HD Camera, Touch ID. Works with iPhone/iPad; Gold",Apple,99900,85990,13910,14,4.7,4281
"ASUS ZenBook Duo 14 (2021) Dual Screen Laptop, 14-inch (35.56 cm) FHD, Intel Core i5-1155G7 11th Gen, (8GB/512GB SSD/Windows 11/Office 2021/Iris Xe Graphics/Blue/1.62 Kg), UX482EAR-KA501WS",Asus,122990,72490,50500,41,3.9,4
"ASUS Zenbook 13 OLED, 13.3-inch (33.78 cms) FHD OLED, Intel EVO Core i7-1165G7 11th Gen, Thin and Light Laptop (16GB/1TB SSD/Iris Xe Graphics/Windows 11/Office 2021/Mist/1.14 kg), UX325EA-KG701WS",Asus,120999,96000,24999,21,4.5,55
"Lenovo IdeaPad Slim 3 Intel Celeron N4020 14'' (35.56cm) HD Thin & Light Laptop (4GB/256GB SSD/Windows 11/MS Office 2021/2Yr Warranty/3months Game Pass/Platinum Grey/1.5Kg), 81WH007KIN",Lenovo,40490,25450,15040,37,3.9,332
"ASUS TUF Dash F15, Intel Core i7-12650H 12th Gen, 15.6"" (39.62 cm) FHD 144Hz, 4GB RTX 3050 Graphics, Gaming Laptop (16GB/1TB SSD/Windows 11/Office 2021/Backlit KB/Black/2 kg), FX517ZC-HN108WS",Asus,128990,95990,33000,26,5.0,1
HP Victus Gaming Laptop 11th Gen Intel Core i5-11400H 16.1 inch(40.9 cm)FHD IPS Gaming Laptop(8GBRAM/512GB SSD/NVIDIA GeForce GTX 1650 graphics/7ms response time/144Hz/Backlit KB/Win 11/B&O)16-d0310TX,HP,84420,62990,21430,25,5.0,7
"Lenovo V15 Laptop G2-ITL Intel Core i5-1135G7/ 11th Gen/ 8GB RAM/ 512GB SSD/Windows 11/Ms-Office/ Intel UHD Graphics/ 15.6 Inch/ 1 Year Warranty, Iron Grey,1.5kg",Lenovo,89870,48999,40871,45,0.0,0
"Samsung Galaxy Book3 360 Intel 13th Gen i5 EvoTM 33.78cm(13.3"") Super Amoled 2-in-1 Touchscreen Laptop (16 GB/512GB SSD/Windows11/MSOffice/BacklitKB/Fingerprint Sensor/Graphite/1.16Kg), NP730QFG-KA2IN",Samsung,137990,109990,28000,20,2.0,1
"Samsung Galaxy Book2 Pro 360 Intel 12th Gen i5 EvoTM 33.78 cm (13.3"") Touchscreen 2-in-1 AMOLED Thin & Light Laptop (16 GB/512 GB SSD/Windows 11/MS Office/with S Pen/Silver/1.04Kg), NP930QED-KB3IN",Samsung,139990,106990,33000,24,3.5,57
"Acer One 14 Business Laptop AMD Ryzen 5 3500U Processor (16GB RAM/512GB SSD/AMD Radeon Graphics/Windows 11 Home/MS Office) Z2-493 with 35.56 cm (14.0"") HD Display (Rose Gold)",Acer,60000,39990,20010,33,2.6,5
"Lenovo IdeaPad 3 11th Gen Intel Core i3 15.6"" FHD Thin & Light Laptop(8GB/512GB SSD/Windows 11/Office2021/2Yr Warranty/3months Xbox Game Pass/Platinum Grey/1.7Kg), 81X800LGIN + 1000 DPI Wireless mouse",Lenovo,60980,39611,21369,35,4.1,541
Xiaomi NoteBook Pro 120 12th Gen Intel i5-12450H Thin & Light (16GB LPDDR5 RAM/512GB SSD/Iris Xe Graphics/14″ 2.5K Resolution/120Hz Display/Win 11/Thunderbolt 4/MS Office’21/Fingerprint Sensor/1.45Kg),Xiaomi,78999,67999,11000,14,4.1,42
"(Renewed) HP 14s, 12th Gen Intel Core i5 16GB RAM/512GB SSD 14-inch(35.6 cm) FHD, Touch,Micro-Edge, Anti-Glare Display/Intel Iris Xe Graphics/Alexa/Dual Speakers/Win 11/Backlit KB/MSO 2021/1.41 Kg, 14s-dy5005TU",Renewed,61921,56699,5222,8,0.0,0
"(Renewed) Dell Latitude Laptop 7390 Intel Core i7 Mobile-8th Gen Processor , 16 GB Ram & 256 GB SSD, 13.3 Inches FHD 1080p 1.17KG Light Weight Notebook Computer",Renewed,129000,29990,99010,77,0.0,0
"Dell XPS 9315 2in1 Laptop, i7-1250U, 16GB LP DDR4, 1TB SSD, Integrated, 13.0"" (33.02Cms) 3K AR+AS Gorilla Glass 500 nits Touch, XPS Stylus, Win 11+ MSO'21, Sky (D560077WIN9S, 1.12Kgs)",Dell,207657,160621,47036,23,0.0,0
"Lenovo ThinkPad E14 Intel Core i7 12th Gen 14"" FHD IPS Thin and Light Laptop (16GB RAM/1TB SSD/Windows 11 Home/MS Office H&S 2021/Backlit Keybaord/FPR/Black/1.59 kg), 21E3S05800",Lenovo,149400,98990,50410,34,3.5,13
"Lenovo ThinkPad X13 Intel Core i7 12th Gen 13.3"" WUXGA IPS 300 Nits Antiglare Laptop (16GB RAM/512 GB SSD/Win 11 Pro/FPR/Backlit Keyboard/Villi Black/3Y Premier Support/1.25 kg), 21BNS03K00",Lenovo,299990,200000,99990,33,0.0,0
"(Renewed) HP EliteBook 840 G2, Intel Core i5-5300U up to 2.3 GHz, 8GB RAM, 500 GB SATA Windows 10 Pro",Renewed,40000,16879,23121,58,3.2,301
"(Renewed) HP Envy x360 2-in-1 Laptop 12th Gen Intel core i5-1235U, 15.6inch(39.6 cm) FHD 500 Nits OLED, Tochscreen(16GB RAM/512GB SSD/B&O/Intel Iris Xe Graphics/Win 11/Fast Charge/Pen/1.7 Kgs/15-ew0043TU",Renewed,90990,76917,14073,15,0.0,0
"ASUS TUF Gaming A15, 15.6"" (39.62 cms) FHD 144Hz, AMD Ryzen 7 4800H, 4GB GeForce RTX 3050 Graphics, Gaming Laptop (16GB/512GB SSD/90WHrs Battery/Windows 11/Black/2.3 kg), FA506ICB-HN075W",Asus,98990,85990,13000,13,4.2,391
"MSI Cyborg 15, Intel 12th Gen. i5-12450H, 40CM FHD 144Hz Gaming Laptop (16GB/512GB NVMe SSD/Windows 11 Home/Nvidia GeForce RTX4050, 6GB GDDR6/Translucent Black/1.98Kg), A12VE-071IN",MSI,111990,104025,7965,7,0.0,0
"ASUS Zenbook Pro 14 Duo OLED (2022) Dual Screen Laptop, 14.5"" (36.83 cm) 2.8K OLED 120Hz Touch, Intel EVO Core i9 12th Gen, (32GB/1TB SSD/4GB RTX 3050 Ti/Win 11/Office/Black/1.75 Kg) UX8402ZE-LM921WS",Asus,254990,159990,95000,37,2.4,3
"HP 15s, AMD Ryzen 3 5300U, 15.6 inch(39.6cm) FHD Anti-Glare Laptop(8GB RAM/512 GB SSD/AMD Radeon Graphics/Win 11/MSO/Backlit Keyboard/Dual Speakers) 15s- eq2213AU",HP,48419,39990,8429,17,0.0,0
"ASUS Zenbook 17 Fold OLED, Intel EVO Core i7 12th Gen, 17"" (43.94 cm) 2.5K OLED Touch, Thin and Light Laptop, (16GB/1TB SSD/Windows 11/Office 2021/Alexa/Face Login/Tech Black/1.5 Kg), UX9702AA-MD023WS",Asus,362990,329990,33000,9,5.0,3
"HP Victus Gaming Laptop 11th Gen Intel Core i5-11400H16.1 inch(40.9 cm) FHD IPS Gaming Laptop(16GB RAM/512GB SSD/NVIDIA GeForce GTX 1650 graphics/144Hz/Backlit KB/Wi11/MSO/B&O/Alexa),16-d0311TX",HP,88056,65990,22066,25,5.0,7
"Acer Aspire 3 (Intel Core i3 1215U Processor/ 8GB/ 512 GB SSD/ Windows 11 Home/ MS Office ) A315-59 with 39.6 cm (15.6"") Full HD Display /1.9kg",Acer,54999,42990,12009,22,3.5,4
"Dell Vostro 3420 Laptop,12th Gen Intel Core i5-1235U, 8GB & 512GB SSD, 14.0"" (35.56Cms) FHD WVA AG 250 nits, Win 11 + MSO'21, Carbon Black (293420GT2FWO2MC2IN, 1.48 KGs",Dell,83127,56990,26137,31,4.7,4
"Lenovo ThinkPad E14 Intel Core i7 12th Gen 14"" FHD IPS Thin and Light Laptop (16GB RAM/512GB SSD/Windows 11 Home/MS Office H&S 2021/Backlit Keyboard/FPR/Black/1.59 kg), 21E3S05B00",Lenovo,130999,95000,35999,27,4.2,13
"(Renewed) Dell Latitude Laptop 7390 Intel Core i7 Mobile-8th Gen Processor , 8 GB Ram & 256 GB SSD, 13.3 Inches FHD 1080p 1.17KG Light Weight Notebook Computer",Renewed,129000,28990,100010,78,0.0,0
"Acer Swift 5 SF514-55TA Intel EVO Thin and Light Laptop 14""(35cm) Full HD IPS Touch Display 11th Gen Intel Core i5-1135G7 Processor 8GB LPDDR4X 512GB SSD FPR Backlit Keyboard Win 11 MSO 2021, Windows",Acer,109999,79990,30009,27,4.4,10
"MSI Gaming Katana GF66, Intel 12th Gen. i7-12700H, 15.6""(39.6cm) FHD 144Hz Gaming Laptop (16GB/1TB NVMe SSD/Windows 11 Home/Nvidia RTX 3060 6GB GDDR 6/ Black/2.25Kg), 12UE-262IN",MSI,145990,144834,1156,1,5.0,1
"Lenovo (Renewed) Thinkpad T440-i5-8 GB-500 GB 14-inch Laptop (4th Gen Core i5/8GB/500GB HDD/Windows 7/Integrated Graphics), Black",Lenovo,60000,13946,46054,77,2.4,10
"Lenovo IdeaPad Slim 3 Intel Celeron N4020 4th Gen 15.6"" (39.62cm) HD 220nits Anti-Glare (8GB/256GB SDD/Windows 11/Office 2021/2Yr Warranty/3months Game Pass/Platinum Grey/1.7Kg), 81WQ00NXIN",Lenovo,40490,25975,14515,36,3.7,334
"GIGABYTE AORUS 15 XE5, 15.6"" Inch QHD 165Hz, Intel Core i7-12700H 12th Gen, RTX 3070Ti 8GB Graphics, Gaming Laptop (16GB DDR5 Memory/ Windows 11 Home/ Gen4 1TB SSD /Office 365 / Black)",GIGABYTE,310035,184900,125135,40,5.0,1
"Lenovo V15 Intel Celeron N4020 15.6"" (39.62 cm) FHD 220 nits Antiglare Thin and Light Laptop (4GB RAM/1TB HDD/DOS/Iron Grey/1 Year Onsite Warranty/1.85 kg), 82C30052IH",Lenovo,38250,26990,11260,29,3.5,93
"Hp Pavilion 15 12Th Gen Intel Core I7 16Gb Sdram/1Tb Ssd 15.6 Inches (39.6Cm) Fhd,IPS/Intel Iris Xe Graphics/B&O/Windows 11 Home/Alexa/Backlit Kb/Fpr/Mso 2021/1.75Kg, 15-Eg2039Tu, Natural Silver",HP,101793,89990,11803,12,3.8,53
"HP 245 G8 Laptop 62G69PA (AMDRyzen™3 3250U/8GB Ram/ 512 GB SSD/ 14"" Inch HD/ Windows 11 HomeSingleLanguage/1 Year Warranty)",HP,42271,29980,12291,29,4.7,4
"ULTIMUS All-New S151, 14.1 (35.8 cms) FHD Display, Intel Celeron N4020 Processor, Thin & Light Laptop (4GB/128 GB SSD/Windows 11/Cloud Silver/1.33 kg/ RJ45 LAN Port), NU14U2INC43VN-CS",ULTIMUS,31990,19990,12000,38,0.0,0
"Lenovo ThinkPad E14 Intel Core i7 11th Gen 14-inch (35.56cm) FHD TN Antiglare Thin and Light Laptop (16GB RAM/1TB SSD/Windows 11 Home/Microsoft Office H&S 2021/FPR/Black/1.59 kg), 20TAS1B300",Lenovo,153000,94990,58010,38,3.5,13
"ASUS Vivobook S15 OLED 2022, 15.6"" 39.62 cm FHD OLED, Intel Core Evo i5-12500H 12th Gen, Thin and Light Laptop (16GB/512GB SSD/Iris Xe Graphics/Windows 11/Office 2021/Black/1.8 kg), S3502ZA-L502WS",Asus,89990,74490,15500,17,4.0,17
"Lenovo ThinkPad E14 Intel Core i5 12th Gen 14"" FHD Thin and Light Laptop (8GB RAM/512GB SSD/Windows 11 Home/MS Office H&S 2021/FPR/Backlit Keyboard/Black/1.59 kg), 21E3S04X00",Lenovo,108000,68990,39010,36,4.2,31
"Lenovo V14-ADA AMD Ryzen 3 3250U 14 inches HD Laptop (8GB/512GB SSD/Windows 11/Iron Grey), 1.85kg 1YEAR Warranty",Lenovo,98654,29999,68655,70,3.4,4
"Lenovo E41-55 AMD 14-inch HD 220 Nits Antiglare Thin and Light Laptop (AMD Athlon A3045B Pro/4GB RAM/1TB HDD/DOS /Integrated AMD Graphics/Grey/1 Year Onsite/1.59 kg), 82FJ009JIH",Lenovo,51118,18990,32128,63,2.4,9
"HP 14s-Intel Celeron N4500- 8GB RAM/256GB SSD 14 inch(35.6 cm ) HD, Micro-Edge Display/ UHD Graphics/ Alexa / Dual Speakers/ Fast Charge/ Win 11, 14s- dq3032tu",HP,36899,30500,6399,17,3.5,42
"Dell Inspiron 5518 Laptop, Intel Core i5-11320H, 8GB, 512GB, Win 11+MSO'21, 15.6"" (39.64Cms) FHD WVA AG 250 nits, NVIDIA MX450 2GB GDDR5, Platinum Silver (D560812WIN9S, 1.64Kgs)",Dell,89902,65490,24412,27,4.1,151
"(Renewed) Mi Notebook Horizon Edition 14 Intel Core i5-10210U 10th Gen Thin and Light Laptop(8GB/512GB SSD/Windows 10/Nvidia MX350 2GB Graphics/Grey/1.35Kg), XMA1904-AR",Renewed,59999,40272,19727,33,3.8,13
"ASUS VivoBook K15 OLED (2021), 15.6"" (39.62 cms) FHD OLED, Intel Core i3-1115G4 11th Gen, Thin and Light Laptop (8GB/256GB SSD/Office 2021/Windows 11/Integrated Graphics/Silver/1.8 Kg), K513EA-L303WS",Asus,60990,42090,18900,31,4.3,105
"ASUS Vivobook Pro 16, Intel Core i9 11th Gen, 16"" (40.64 cm) FHD+ 120Hz, Thin & Light Laptop (16GB/512GB SSD/4GB RTX 3050/Win 11/Office 2021/Alexa/Backlit KB/FP Sensor/Silver/1.9 kg), K6602HC-N1902WS",Asus,122990,89990,33000,27,3.5,13
"ASUS Vivobook 15, Intel Core i3-1220P 12th Gen, 15.6"" (39.62 cms) FHD, Thin and Light Laptop (8GB/256 SSD/Windows 11/Office 2021/FP Sensor/Silver/1.7 kg), X1502ZA-EJ302WS",Asus,54990,39990,15000,27,4.6,3
"(Renewed) DELL Latitude 5490 Core i5 7th Gen Laptop, 8 GB RAM, 256GB SSD, Intel HD Graphics, 14 inch (36.83 cms) HD Screen, Windows 11 (Upgraded), MS Office, Black, Slim",Renewed,89990,21990,68000,76,4.4,9
HP ENVY x360 2-in-1 Laptop 12th Gen Intel Core Evo i5 13.3inch(33.8cm) 400 Nits WUXGA Corning Gorilla Glass Display(16GB RAM/512GB SSD/B&O/Intel Iris Xe Graphics/Win11/MSO/Alexa/Pen/1.32Kg/13-bf0121TU,HP,99148,83990,15158,15,1.0,1
"ASUS VivoBook, 14-inch HD, Intel Core i3 1005G1 10th Gen, (8GB/1TB HDD/Windows 11/Office H&S 2021/Slate Grey/1.60/Fingerprint) Kg, X415JA-BV301WS",Asus,46990,30490,16500,35,2.9,65
"Lenovo V15 Intel Core i5 11th Gen 15.6"" (39.62 cm) FHD (1920x1080) Antiglare 250 nits Thin and Light Laptop (8GB RAM/512GB SSD/Windows 11 Home/Iron Grey/1.7 kg), 82KBA01TIH",Lenovo,81450,47543,33907,42,0.0,0
"Acer Extensa 15 Lightweight Laptop Intel Core i3 11th Gen Processor (4 GB RAM/256GB SSD/Windows 11 Home/Intel UHD Graphics /1.7Kg/Black) EX215-54 with 15.6"" (39.6 cms) Full HD Display",Acer,55000,30490,24510,45,4.0,552
"(Renewed) Lenovo ThinkPad 6th Gen Intel Core i5 Thin & Light HD Laptop (8 GB DDR4 RAM/256 GB SSD/12.5"" (31.7 cm)/Windows 11/MS Office/WiFi/Bluetooth 4.0/Webcam/Integrated Graphics)",Renewed,50000,17498,32502,65,3.5,21
(Renewed) Lenovo ThinkPad X260 High Performance 12.5 inch IPS Panel 1.5kg Laptop (Core i5 6300U/8 GB DDR4 RAM/256 GB SSD/Windows 10 Pro/Office 2019/Webcam/USB 3.0/SIM/BT/Integrated Graphics),Renewed,80000,15746,64254,80,3.7,94
Acer Aspire 5 Intel Core i5 12th Gen (8 GB RAM/512 GB SSD/Windows 11 Home/ MS Office 2021/ Fingerprint Reader/ Glacier Blue/ 1.76 KG/ A515-57 with 15.6 inches (39.6 cm) Full HD Display,Acer,74999,57990,17009,23,4.3,3
"Samsung Galaxy Book3 360 Intel 13th Gen i7 EvoTM 39.6cm(15.6"") Super Amoled 2-in-1 Touchscreen Laptop (16 GB/1 TB SSD/Windows11/MS Office/Backlit KB/Fingerprint Sensor/Graphite/1.46Kg), NP750QFG-KA3IN",Samsung,173990,138990,35000,20,2.0,1
"ASUS Zenbook Pro 14 Duo OLED (2022) Dual Screen Laptop, 14.5"" (36.83 cm) 2.8K OLED 120Hz Touch, Intel EVO Core i7 12th Gen, (16GB/1TB SSD/4GB RTX 3050 Ti/Win 11/Office/Black/1.75 Kg), UX8402ZE-M711WS",Asus,230990,139990,91000,39,4.0,2
"Lenovo V15 Intel Core i5 11th Gen 15.6"" (39.62 cm) FHD (1920x1080) Antiglare 250 nits Thin and Light Laptop (8GB RAM/512GB SSD/DOS/Iron Grey/1.7 kg), 82KBA01KIH",Lenovo,77400,44620,32780,42,0.0,0
"ASUS TUF Gaming F15 (2021), 15.6"" (39.62 cms) FHD 144Hz, Intel Core i5-10300H 10th Gen, GTX 1650 4GB Graphics, Gaming Laptop (8GB RAM/512GB NVMe SSD/Windows 11/Black/2.30 Kg), FX506LH-HN258W",Asus,74990,60990,14000,19,4.3,942
"HP 14s, AMD Athlon Silver 3050U, 8GB RAM/256GB SSD 14-inch(35.6 cm) HD,Micro-Edge Display/Win 11/AMD Radeon Graphics/Dual Speakers/ MSO 2021/Fast Charge/1.41 Kg, 14s-fq0568AU",HP,36359,25517,10842,30,3.0,8
"Lenovo Chromebook C330 2-in-1 Convertible Laptop, 11.6-Inch HD (1366 x 768) IPS Display, MediaTek MT8173C Processor, 4GB LPDDR3, 64 GB eMMC, Chrome OS, 81HY0000US, Blizzard White",Lenovo,45023,33027,11996,27,4.5,10383
"HP 14s, Ryzen 5-5500U 16GB RAM/512GB SSD 14-inches (35.6 cm) FHD, IPS, Micro-Edge Display/AMD Radeon Graphics/Alexa/Win 11/Backlit KB/Dual Speakers/MSO 2021/1.46 Kg, 14s- fy1003AU, Windows 11 Home",HP,64938,50490,14448,22,4.1,87
"ASUS Vivobook 14, Intel Core i3-1115G4 11th Gen, 14"" (35.56 cm) FHD, Thin and Light Laptop (4GB/256 SSD/Windows 11/Office 2021/FP Sensor/Silver/1.55 kg), X415EA-EK302WS",Asus,38999,32990,6009,15,4.2,26
"ASUS VivoBook Ultra K14, Intel Core i3-1125G4 11th Gen, 14"" (35.56 cms) FHD Thin and Light Laptop (8GB/512GB SSD/Windows 11/Office 2021/Integrated Graphics/Hearty Gold/1.4 kg), K413EA-EB313WS",Asus,58990,40990,18000,31,4.3,25
"ASUS Vivobook Pro 16, Intel Core i9 11th Gen, 16"" (40.64 cm) FHD+ 120Hz, Thin & Light Laptop (16GB/512GB SSD/4GB RTX 3050/Win 11/Office 2021/Alexa/Backlit KB/FP Sensor/Blue/1.9 kg), K6602HC-N1901WS",Asus,122990,89990,33000,27,3.5,13
"LG Gram14 Intel EVO-[12th Gen Corei7/Win11/16GB/512GB SSD Intel Iris Xe Graphics] [Thunderbolt4/USB-C] [FHD Webcam+Built-in AI] 72WH Battery 3Yrs Warranty (Black,999 Grams)",LG,156000,93490,62510,40,4.1,47
"HP EliteBook 830 G5 Laptop 13.3"" FHD | 1.7GHz Intel Core i5-8350U Quad-Core | 8GB DDR4 | 256GB SSD | Windows 10 Pro (Renewed)",HP,49999,29999,20000,40,4.6,16
"Lenovo V15 Intel Core i3 11th Gen 15.6"" (39.62 cm) FHD (1920x1080) Antiglare 250 nits Thin and Light Laptop (8GB RAM/512GB SSD/Windows 11 Home/Iron Grey/1.7 kg), 82KBA033IH",Lenovo,59760,34808,24952,42,3.6,4
"Lenovo IdeaPad Slim 3 11th Gen Intel Core i5 15.6"" (39.62cm) FHD Laptop (8GB/512GB SSD/Win 11/Office 2021/2 Year Warranty/Alexa Built-in/3 Month Game Pass/Arctic Grey/1.65Kg), 82H802KYIN",Lenovo,97890,52990,44900,46,4.1,135
"Acer One 14 Business Laptop AMD Athlon 3045 B Processor (8GB RAM/256GB SSD/AMD Radeon Graphics/Windows 11 Home) Z2-493 with 35.56 cm (14.0"") HD Display (Black)",Acer,41999,22990,19009,45,3.5,81
"(Renewed) Dell Latitude Laptop E7470 Intel Core I5 - 6300U Processor, 16 Gb Ram & 256 Gb Ssd, 14.1 Inches Screen Windows 10 Pro (Ultra Slim & Light 1.58Kg) Notebook Computer",Renewed,65999,20873,45126,68,3.4,349
HP Envy x360 12th Gen Intel core i5-1235U 15.6inch(39.6cm) FHD 2-in-1 Laptop(8GB RAM/512GB SSD/B&O/5MP IR Camera/Intel Iris Xe Graphics/Win11/Alexa/Backlit Kb/MSO/Pen/1.6 Kgs/15-ew0037TU,HP,91279,82990,8289,9,0.0,0
"Dell G15-5520 Gaming Laptop, Intel i9-12900H, 16GB DDR5, 1TB SSD, NVIDIA GEFORCE RTX 3060 (6GB GDDR6), 15.6"" (39.62Cms) FHD WVA AG, Win 11+ MSO'21, Dark Shadow Grey (D560897WIN9S, 2.81Kgs)",Dell,190052,138990,51062,27,3.8,13
"Lenovo IdeaPad Slim 3 Intel Core i3 11th Gen 14"" (35.56cm) FHD Thin & Light Laptop (8GB/256GB SDD/Windows 11/Office 2021/2Yr Warranty/3months Game Pass/Platinum Grey/1.5Kg), 81X700CWIN",Lenovo,47999,37000,10999,23,4.1,472
Asus Vivobook15 X515Ea-Br312Ts-Intel Core I3-1115G4 (8Gb Ram/256 Gb Nvme Ssd/Windows 10 Home+Mcafee/Ms Office H&S 2019/15.6 Inches Fhd Ips/Fp Reader/1.75 Kg/Silver/1 Yr. Warranty),Asus,52990,35590,17400,33,4.4,5
"Dell Inspiron 7420 2in1 Laptop,12th Gen Intel Core i3-1215U, 8GB & 256GB SSD, 14.0"" (35.56Cms) FHD+ WVA Touch 250 nits, Backlit KB, Win 11 + MSO'21, Platinum Silver (D560904WIN9SE, 1.57KGs)",Dell,71740,53990,17750,25,0.0,0
"ASUS Zenbook Pro 14 Duo OLED (2022) Dual Screen Laptop, 14.5"" (36.83 cms) 2.8K OLED 120Hz Touch, Intel EVO Core i7 12th Gen, (16GB/1TB SSD/Windows 11/Office 2021/Black/1.7 Kg), UX8402ZA-LM711WS",Asus,194990,134990,60000,31,2.9,2
"(Renewed) Lenovo Thinkpad Laptop T460 Intel Core i5 - 6300u Processor 16 GB Ram & 1 TB SSD, 14 Inches Notebook Computer",Renewed,60000,25630,34370,57,4.7,4
"ASUS Vivobook 15, Intel Core i5-1235U 12th Gen, 15.6"" (39.62 cm) FHD, Thin & Light Laptop (8GB/512GB SSD/Intel Iris Xᵉ Graphics/Windows 11/Office 2021/Alexa/FP Sensor/Silver/1.7 kg), X1502ZA-EJ515WS",Asus,70990,55890,15100,21,0.0,0
"(Renewed) Dell Latitude Laptop 7390 Intel Core i7 Mobile-8th Gen Processor , 16 GB Ram & 1TB SSD, 13.3 Inches FHD 1080p 1.17KG Light Weight Notebook Computer",Renewed,129000,32990,96010,74,0.0,0
"HP Victus Gaming Laptop AMD Ryzen 5 5600H 15.6 inch(39.6 cm) FHD IPS Gaming Laptop (8GB RAM/512GB SSD/AMD Radeon RX 6500M Graphics(4GB GDDR6)/144Hz/9ms Response time/Backlit KB/B&O/Alexa),15-fb0777AX",HP,77354,60990,16364,21,4.5,2
"Lenovo IdeaPad Slim 3 Ryzen 5 5500U 15.6"" (39.62cm) IPS FHD Laptop (16GB/512GB SSD/Win 11/Office 2021/2 Year Warranty/Alexa Built-in/3 Month Game Pass/Arctic Grey/1.65Kg), 82KU0238IN",Lenovo,86290,50990,35300,41,0.0,0
"Lenovo (Renewed) Thinkpad Laptop Intel Core i5 - 7200u Processor 7th Gen., 16 GB Ram & 128 GB SSD, 14 Inches Notebook Computer",Lenovo,96990,24990,72000,74,1.0,1
"Lenovo V15 AMD Ryzen 3 5300U 15.6"" (39.62cm) FHD 250 nits Antiglare Thin and Light Laptop (8GB/512GB SSD/Windows 11/1 Year Onsite Warranty /Iron Grey/1.7 Kg), 82KDA01BIH",Lenovo,55000,31700,23300,42,3.5,182
"Lenovo V15 AMD Ryzen 5 5500U 15.6"" FHD 250 nits Antiglare Thin and Light Laptop (8GB/512GB SSD/Windows 11 Home/1 Year Onsite Brand Warranty /Iron Grey/1.7 Kg)",Lenovo,98760,38940,59820,61,3.9,17
Acer Extensa 15 Lightweight Laptop Intel Core i3 11th Gen Processor - (8 GB/ 256 GB SSD/ 1 TB HDD/ Windows 11 Home/ 1.7kg/ Black/ Elevated Hinge Design) EX215-54 with 39.6 cm (15.6 inches) FHD Display,Acer,50999,34990,16009,31,4.0,552
"HP 15s,11th Gen Intel Core i3-1115G4 8GB RAM/512GB SSD Micro-Edge Anti-Glare FHD Laptop & Deskjet Ink Advantage 4178 AIO Printer, Automatic Document Feeder, Copy, Scan, WiFi",HP,60975,50689,10286,17,4.1,1058
"(Renewed) HP ProBook Intel 6th Gen Core i5 14 inches FHD Screen Laptop (8GB RAM, 256GB SSD, HD Graphics, Windows 11 (Upgraded), MS Office, Black, Slim)",Renewed,40000,21268,18732,47,3.1,140
"Acer Aspire Vero AV15-51-5155 Green Laptop | 15.6"" FHD IPS Display | 11th Gen Intel Core i5-1155G7 | 16GB DDR4 | 512GB SSD | Wi-Fi 6 | PCR Materials | Windows 11 Home | Fingerprint Reader | MS Office",Acer,79999,54601,25398,32,4.1,54
"AVITA LIBER NS13A2IN225P 13.3 inches Laptop (8th Gen Intel Core i5-8250U/8GB/512GB SSD/Windows 10 Home/Integrated Graphics), Matt Black, 1.35kg",AVITA,0,85990,0,0,1.0,1
"(Renewed) HP Ultra Beautiful Laptop 348G4 Intel Core i5 Mobile-7th Gen -Processor, 64 GB Ram & 1TB SSD, 14Inches Screen Notebook Computer",Renewed,89990,38990,51000,57,0.0,0
"ASUS ZenBook Duo 14 (2021) Dual Screen Laptop, 14"" (35.56 cm) FHD, Intel Core i7-1195G7 11th Gen, (16GB/1TB SSD/Windows 11/Office 2021/2GB NVIDIA GeForce MX450 Graphics/Blue/1.62 Kg) UX482EGR-KA711WS",Asus,158000,137990,20010,13,4.0,18
"ASUS ROG Zephyrus Duo 16 Dual Screen Laptop, 16"" (40.64 cm) UHD+/FHD+ 120Hz/240Hz/3ms, AMD Ryzen 9 6900HX, 16GB RTX 3080 Ti, Gaming Laptop (32GB/2TB SSD/Win 11/Office/Black/2.55 Kg), GX650RXZ-LB226WS",Asus,473990,396990,77000,16,3.0,8
"ASUS ROG Strix G15 (2022), 15.6"" (39.62 cm) FHD 300Hz/3ms, AMD Ryzen 7 6800H, 6GB RTX 3060, Gaming Laptop (16GB/1TB SSD/90WHrs Battery/Windows 11/with Office/Punk/2.30 Kg), G513RM-HF328WS",Asus,194990,137990,57000,29,0.0,0
"Acer Travelmate Business Laptop Intel Core i5-1135G7 Processor ( 8GB DDR4/ 512GB SSD /Intel Iris Xe Graphics/ Windows 11 Home/MS Office) TMP214-53 with 35.56 cm (14.0"") Full HD Display",Acer,66500,51990,14510,22,4.5,2
"ASUS VivoBook 14 (2020) AMD Ryzen 3 3250U 35.56 cm (14-inch) FHD Thin and Light Laptop (4GB/256GB NVMe SSD/Integrated Graphics/Windows 10/MS Office 2019/Transparent Silver/1.6 kg), M415DA-EK302TS",Asus,43990,31990,12000,27,3.7,429
"(Renewed) Lenovo IdeaPad 6th Gen Intel Core i3 Thin & Light HD Laptop (4 GB DDR4 RAM/1 TB HDD/14"" (35.6 cm)/Windows 11/MS Office/WiFi/Bluetooth/Webcam/Integrated Graphics)",Renewed,50000,15996,34004,68,2.5,2
"Lenovo IdeaPad Slim 3 Intel Core i3 10th Gen 14"" (35.56cm) FHD Laptop (4GB/256GB SSD/Win 11/Office 2021/2 Year Warranty/3 Month Game Pass/Abyss Blue/1.6Kg), 81WD014XIN",Lenovo,53790,31990,21800,41,0.0,0
"HP 255 G8 Notebook (AMD Ryzen™ 3 3250U/8GB RAM/512GB SSD/Windows 11 Home /15.6"" Display) 689T4PA",HP,37188,31528,5660,15,4.3,13
"LG Gram16 Intel EVO-[12th Gen Core i7/Win11/16GB/512GB SSD Intel Iris Xe Graphics] [Thunderbolt4/USB-C] [FHD Webcam+Built-in AI] 80WH Battery 3Yrs Warranty(Black,1.14 Kg)",LG,151000,99990,51010,34,4.1,47
"2022 HP 15.6 Inch FHD Laptop, Intel 11th Gen i3-1115G4 up to 4.1 GHz, 8GB DDR4 RAM, 256GB NVMe SSD, WiFi, Fingerprint Reader, Bluetooth, Webcam, Windows 10 Home S + T.F. Bundle",HP,70000,49999,20001,29,4.4,1600
Acer Aspire 3 Laptop Intel core i3 11th Gen - (8 GB/ 256 GB SSD/Widows 11 Home/ MS Office/ 1.7 Kgs/Silver) A315-58 with 39.6 cm (15.6 inches) FHD Display,Acer,49999,34690,15309,31,3.8,134
"ASUS ROG Zephyrus G15(2022), 15.6"" (39.62 cms) 2K WQHD 240Hz/3ms, AMD Ryzen 9 6900HS, 8GB RTX 3070 Ti, Gaming Laptop (16GB/1TB SSD/90WHrs Battery/Windows 11/Office 2021/Gray/1.9 Kg), GA503RW-LN067WS",Asus,244990,189990,55000,22,3.0,3
"HP 15s, Intel Core i3-1115G4, 15.6 inch(39.6cm) FHD Anti-Glare Laptop(8GB RAM/512GB SSD/Intel UHD Graphics/Backlit Keyboard/Win 11/MSO/Dual Speakers/Alexa) 15s-fq2717TU",HP,52999,39990,13009,25,3.0,1
Acer Extensa 15 Lightweight Laptop Intel Core i3 11th Gen Processor - (8 GB/ 512 GB SSD/ Windows 11 Home/ 1.7kg/ Black/ Elevated Hinge Design) EX215-54 with 39.6 cm (15.6 inches) FHD Display,Acer,44999,34990,10009,22,4.0,552
"HP 14s, Intel Celeron N4500, 8GB RAM/256GB SSD 14-inches/35.6 cm HD, Micro-Edge Display/Alexa Built-in/Windows 11/Intel UHD Graphics/Dual Speakers/ MSO 2021/1.46 Kg, 14s-dq3037tu",HP,36965,24999,11966,32,3.8,536
"Lenovo V14 Gen 2 Laptop with Intel Core i5-1135G7 11TH GEN/35.6cms (14"" inch)/Integrated Intel® UHD Graphics/8GB/512GB SSD/ Windows 11/Iron Grey/ 1.46kg/1 Year Onsite Warranty",Lenovo,132130,49999,82131,62,4.0,4
"Lenovo (Renewed) Thinkpad T440-i5-4 GB-500 GB 14-inches Laptop, Intel 4th Gen Core i5/4GB/500GB HDD/Windows 7/Integrated Graphics - Black",Lenovo,60000,15220,44780,75,0.0,0
Xiaomi Notebook Pro 120G 12th Gen Intel i5-12450H Thin & Light (16GB LPDDR5 RAM/512GB SSD/Nvidia MX550 Graphics/14″ 2.5K Resolution/120Hz Display/Win 11/Thunderbolt 4/MS Office’21/FP Sensor/1.5Kg),Xiaomi,86999,72999,14000,16,4.1,42
"ASUS ROG Flow Z13 (2022), 13.4"" (34.03 cms) FHD+ 16:10, 120Hz Touch, Core i9 12th Gen, RTX 3050 Ti 4GB Graphics, 2-in-1 Gaming Laptop (16GB/1TB SSD/Win 11/Office 2021/Black/1.18 kg), GZ301ZE-LD064WS",Asus,227990,179990,48000,21,4.7,5
"ASUS ROG Zephyrus G14 (2022), 14"" (35.56 cm) QHD+ 16:10 120Hz/3ms, AMD Ryzen 7 6800HS, 8GB Radeon RX 6700S, Gaming Laptop (16GB/1TB SSD/Windows 11/Office/White/Anime Matrix/1.72 Kg), GA402RJ-L8181WS",Asus,201990,160722,41268,20,0.0,0
"ASUS ROG Flow X13 (2022), 13.4"" (34.03 cms) UHD+ 16:10, Touch, AMD Ryzen 7 6800HS, 4GB RTX 3050 Ti Graphics, 2-in-1 Gaming Laptop (32GB/1TB SSD/Windows 11/Office 2021/Black/1.3 Kg), GV301RE-LI201WS",Asus,213990,176019,37971,18,0.0,0
"ASUS ROG Zephyrus Duo 16 (2022) Dual Screen Laptop, 16"" (40.64 cm) QHD+ 165Hz/3ms, AMD Ryzen 9 6900HX, 16GB RTX 3080 Ti, Gaming Laptop (32GB/2TB SSD/Win 11/with Office/Black/2.60 Kg) GX650RXZ-LO227WS",Asus,467990,391990,76000,16,3.6,2
"ASUS ROG Zephyrus G15(2022), 15.6"" (39.62 cms) 2K WQHD 240Hz/3ms, AMD Ryzen 7 6800HS, 6GB RTX 3060, Gaming Laptop (16GB/1TB SSD/90WHrs Battery/Windows 11/Office 2021/Gray/1.9 Kg), GA503RM-LN143WS",Asus,195990,162990,33000,17,5.0,3
"ASUS ROG Zephyrus G14 (2022), 14.0-inch (35.56 cm) FHD+ 16:10 144Hz/3ms, AMD Ryzen 9 6900HS, 8GB RX 6700S Graphics, Gaming Laptop (16GB/1TB SSD/Windows 11/Office 2021/Gray/1.65 Kg), GA402RJZ-L4136WS",Asus,201990,156990,45000,22,5.0,2
"HP Pavilion Plus, 12th Gen Intel Core i5 16GB RAM/512GB SSD 14 inch(35.6 cm) Creator Laptop Eye Safe Display/Intel Iris Xe Graphics/Backlit KB/B&O/FPR/Win 11/Alexa/MSO,14-eh0021TU Silver",HP,89264,77990,11274,13,3.8,35
"MSI Katana GF76, Intel 11th Gen. i5-11400H, 43CM FHD 144Hz Gaming Laptop (8GB/512GB NVMe SSD/Windows 11 Home/Nvidia GTX1650 4GB GDDR6/Black/2.6Kg), 11SC-847IN",MSI,78990,53990,25000,32,4.1,18
"Lenovo IdeaPad 3 Intel Core i3-1115G4 11th Gen 15.6 FHD Thin and Light Laptop (8 GB/256GB SDD/Windows 11/MS Office 2021/2Yr Warranty/Arctic Grey/1.65Kg), 82H801L3IN",Lenovo,61590,36856,24734,40,4.2,308
"Dell New Alienware x15 R2 Gaming Laptop, Intel i9-12900H, Win11+MSO'21 , 32GB LP DDR5, 1TB SSD, NVIDIA RTX 3080 Ti (16GB GDDR6), 15.6"" (39.62Cms) FHD 360Hz 300nits, AlienFX KB (D569942WIN9, 2.34Kgs)",Dell,463132,356600,106532,23,3.3,3
"ASUS TUF Gaming A15, 15.6-inch (39.62 cms) FHD 144Hz, AMD Ryzen 7 4800H, 4GB NVIDIA GeForce RTX 3050, Gaming Laptop (8GB/512GB SSD/90WHrs Battery/Windows 11/Black/2.3 Kg), FA506ICB-HN005W",Asus,92990,76245,16745,18,4.3,81
"ASUS ROG Flow X16 (2022), 16""(40.64 cm) QHD+ 16:10 165Hz/3ms, Touch, AMD Ryzen 7 6800HS, 6GB RTX 3060, 2-in-1 Gaming Laptop (16GB/1TB SSD/90WHrs Battery/Win 11/Office 2021/Black/2 Kg) GV601RM-M6055WS",Asus,230990,171990,59000,26,0.0,0
"Dell Vostro 5620 Laptop, Intel Core i5-1240P, 16GB, 512GB SSD, 16.0"" (40.64Cms) FHD+ WVA AG 60 Hz 250 nits, Backlit KB + FPR, Win 11 + MSO'21, Titan Grey (M552328WIN9S, 1.91KGs)",Dell,100239,76990,23249,23,0.0,0
(Renewed) HP 840g2 EliteBook Laptop ( Intel Core i5 - 5300u /16 GB/2000 GB HDD/Windows 10 Pro/Black /14 Inch Screen),Renewed,90000,22540,67460,75,3.7,12
"Dell Vostro 3510 Laptop, Intel Pentium Gold 7505, 8GB & 256GB SSD, 15.6"" (39.62Cms) FHD WVA AG, Win 11 + MSO'21, Carbon Color (ICC-D585046WIN8, 1.69KGs)",Dell,53962,32990,20972,39,4.1,82
"Lenovo V15 Intel Core i3 11th Gen 1115G4 15.6"" (39.62 cm) FHD(1920x1080) Thin and Light Laptop (8GB DDR4 RAM/256GB SSD/Windows 11 Home/Iron Grey/1 Year Onsite Warranty/1.7 kg)",Lenovo,98756,33999,64757,66,3.2,50
"(Renewed) HP 15s, AMD Athlon Silver 3050U 8GB RAM/512GB SSD 15.6-inches/39.6 cm HD, Micro-Edge Display/Windows 11/AMD Radeon Graphics/Dual Speakers/MSO/Fast Charge/1.69 Kg, 15s-eq1559AU",Renewed,29212,23369,5843,20,4.0,1
"ASUS ROG Strix G15 Advantage Edition, 15.6-inch (39.62 cm) WQHD 165Hz/3ms, AMD Ryzen 9 5980HX, 12GB RX 6800M Graphics, Gaming Laptop (16GB/1TB SSD/Windows 11/Office 2021/Black/2.5 Kg), G513QY-HQ032WS",Asus,197990,150990,47000,24,3.7,8
"HP Chromebook 11a, MediaTek MT8183 Processor 11.6 inch(29.5 cm) Thin and Light Touchscreen Laptop (4 GB RAM/64 GB eMMC/ Chrome OS /Fast Charge/Google Assistant/Indigo Blue/1.07Kg), na0002MU, 1.07Kg",HP,24844,20990,3854,16,3.8,260
"ASUS ROG Strix G15 (2022), 15.6""(39.62 cms) FHD 300Hz/3ms, AMD Ryzen 7 6800H, RTX 3060 6GB Graphics, Gaming Laptop (16GB/1TB SSD/90WHrs Battery/Windows 11/Office 2021/Gray/2.3 kg), G513RM-HF272WS",Asus,197990,129990,68000,34,4.0,1
"ASUS ROG Strix G17 (2022), 17.3"" (43.94 cms) FHD 360Hz/3ms, AMD Ryzen 7-6800H, RTX 3060 6GB Graphics, Gaming Laptop (16GB/1TB SSD/90WHrs Battery/Windows 11/Office 2021/Green/2.9 kg), G713RM-KH168WS",Asus,184990,129990,55000,30,4.5,25
"ASUS ROG Zephyrus Duo 16 (2022) Dual Screen Laptop, 16"" (40.64 cm) FHD+ 165Hz/3ms, AMD Ryzen 7 6800H, 6GB RTX 3060, Gaming Laptop (32GB/2TB SSD/Windows 11/with Office/Black/2.50 Kg), GX650RM-LS019WS",Asus,298990,224990,74000,25,3.0,2
"ASUS ROG Zephyrus G15(2022), 15.6"" (39.62 cms) 2K WQHD 240Hz/3ms, AMD Ryzen 9 6900HS, 8GB RTX 3070 Ti, Gaming Laptop (16GB/1TB SSD/90WHrs Battery/Windows 11/Office 2021/White/1.9 Kg), GA503RW-LN066WS",Asus,246990,188000,58990,24,4.6,4
"Lenovo E41-55 AMD 14-inch HD 220 Nits Antiglare Thin and Light Laptop (AMD Athlon A3050U/4GB RAM/256GB SSD/DOS/Integrated AMD Graphics/Grey/1 Year Onsite/1.59 kg), 82FJ00BEIH",Lenovo,37450,18990,18460,49,1.0,2
"Acer Extensa 15 Thin & Light Intel Processor Pentium Silver N5030 15.6 inches ( 39 cm ) Business Laptop (4GB RAM/256 GB SSD/Windows 11 Home/Black/1.9 Kg, EX215-31)",Acer,36999,22990,14009,38,3.6,110
"Lenovo IdeaPad Slim 3 10th Gen Intel Core i3 15.6"" FHD Thin & Light Laptop(8GB/512GB SSD/Windows 11/Office 2021/2Yr Warranty/3months Xbox Game Pass/Platinum Grey/1.7Kg),81WB01EBIN",Lenovo,61490,36490,25000,41,3.6,951
"Lenovo Ideapad Duet Chromebook (25.65 cm (10.1 inch) 4 GB, 128 GB, Wi-Fi Only) with Keyboard, Stand Cover, Dual Tone Design, MediaTek, Chrome OS, Fast Boot up of 8 Seconds",Lenovo,36000,25820,10180,28,4.0,758
"(Renewed) Intel Lenovo Thinkpad T430 14.1-inches Laptop - 3rd Gen Core i5 3320M/4GB/1TB/Windows 10 Pro 64 Bit/Integrated Graphics, Black",Renewed,40000,17263,22737,57,3.4,71
"HP Pavilion 14 11th Gen Intel Core i5 16GB RAM/512GB SSD 14 inch (35.6cm) IPS Anti-Glare FHD Laptop/Intel Iris Xe Graphics/Backlit Kb/B&O Audio/FPR/Windows 11 Home/Thin & Light/1.41Kg, 14-Dv1001tu",HP,76555,71500,5055,7,4.4,2313
"Dell G15 5520 Windows 11 Gaming Laptop, Intel i7-12700H, 16GB, 512Gb, NVIDIA RTX 3050 Ti (4GB GDDR6), 15.6"" - 39.62Cms FHD WVA AG 120Hz 250 nits, Backlit KB Orange, Shadow Grey, 2.81Kgs - D560823WIN9B",Dell,138468,104990,33478,24,3.4,9
"ASUS ROG Strix G17, 17.3-inch (43.94 cms) FHD 144Hz, AMD Ryzen 7 4800H, RTX 3050 Ti 4GB Graphics, Gaming Laptop (16GB/1TB SSD/Windows 11//Gray/2.4 kg), G713IE-HX040W",Asus,121990,87480,34510,28,4.5,113
"ASUS ROG Strix G17 (2022), 17.3""(43.94 cm) WQHD 240Hz/3ms, AMD Ryzen 7 6800H, 6GB RTX 3060 Graphics, Gaming Laptop (16GB/1TB SSD/90WHrs Battery/Windows 11/Office 2021/Gray/2.9 Kg), G713RM-LL167WS",Asus,188990,162990,26000,14,5.0,7
"Dell New Inspiron 3525 Laptop, Intel Athlon Silver 3050U, Win11 + Office'21, 8GB GDDR4, 256GB SSD, Radeon Graphics, 15.6"" (39.62Cms) HD AG (D560765WIN9S, 1.68Kgs)",Dell,49583,34599,14984,30,4.0,313
"Lenovo IdeaPad Slim 3 Chromebook Intel Celeron N4020 14'' (35.56cm) FHD Thin & Light Laptop (4GB/64GB eMMC/Chrome OS/Upto 10hr Battery/2W x2 HD Speaker/Platinum Grey/1.4Kg), 82C1002EHA",Lenovo,34890,18555,16335,47,3.6,91
"Dell Inspiron 5518 Laptop, Intel Core i5-11320H, 8GB & 512GB SSD, Win 11 + MSO'21, NVIDIA MX450 2GB GDDR5, 15.6""(39.62Cms) FHD WVA AG 250 nits, Backlit KB & FPR, Platinum Silver (D560862WIN9S,1.64Kgs)",Dell,89902,66000,23902,27,3.9,26
"ASUS ROG Strix G15, AMD Ryzen 7 5800H, 15.6"" (39.62 cm) FHD 300Hz/3ms, 8GB RTX 3070 Graphics, Gaming Laptop (16GB/1TB SSD/Win 11/Office 2021/90WHr Battery/Gray/2.3 kg), G513QR-HF302WS",Asus,176990,146990,30000,17,5.0,1
"(Renewed) Lenovo ThinkPad T420 Intel 2nd Gen Core i5 14 inches Business Laptop (4 GB, 500 GB, 1366x768, LED, Windows 7, Integrated Graphics, Black, 2 Kg)",Renewed,230000,13998,216002,94,3.5,46
"(Renewed) Lenovo ThinkPad 6th Gen Intel Core i5 Thin & Light HD Laptop (4 GB DDR4 RAM/500 GB HDD/12.5"" (31.7 cm)/Windows 11/MS Office/WiFi/Bluetooth 4.0/Webcam/Integrated Graphics)",Renewed,89999,14999,75000,83,4.0,2
"HP 15s-11th Gen Intel Core i3-8GB RAM/512GB SSD 15.6 inches(39.6cm) FHD, Micro-Edge, Anti-Glare Display UHD Graphics/Alexa/Dual Speakers/Fast Charge/Win 11/Windows MS Office, 15s- fr2508TU",HP,51748,42100,9648,19,4.2,189
"(Renewed)Lenovo ThinkPad L440 4th Gen Intel Core i3 Thin & Light HD Laptop (8 GB RAM/500 GB HDD/14"" (35.6 cm)/Windows 10 Pro/MS Office/Wifi/Bluetooth 4.0/Webcam/Integrated Graphics)",Renewed,30000,15700,14300,48,3.3,21
"ASUS TUF Gaming A15, 15.6-inch (39.62 cms) FHD 144Hz, AMD Ryzen 5 4600H, 4GB NVIDIA GeForce GTX 1650, Gaming Laptop (8GB/512GB SSD/90WHrs Battery/Windows 11/Black/2.3 Kg), FA506IHRB-HN079W",Asus,76990,55990,21000,27,4.4,825
"ASUS ROG Zephyrus G14 (2022), 14"" (35.56 cm) FHD+ 16:10 144Hz/3ms, AMD Ryzen 7 6800HS, 8GB Radeon RX 6700S, Gaming Laptop (16GB/1TB SSD/Windows 11/with Office/White/1.65 Kg), GA402RJZ-L4135WS",Asus,176990,146990,30000,17,3.1,4
"ASUS ROG Zephyrus Duo 16 (2022) Dual Screen Laptop, 16"" (40.64 cm) FHD+ 165Hz/3ms, AMD Ryzen 7 6800H, 6GB RTX 3060, Gaming Laptop (32GB/2TB SSD/Windows 11/with Office/Black/2.50 Kg), GX650RMZ-LS019WS",Asus,299990,200999,98991,33,0.0,0
"ASUS ROG Flow X16 (2022), 16""(40.64 cm) QHD+ 16:10 165Hz/3ms Touch, AMD Ryzen 7 6800HS, 6GB RTX 3060, 2-in-1 Gaming Laptop (16GB/1TB SSD/90WHrs Battery/Win 11/with Office/Gray/2 Kg), GV601RM-M6054WS",Asus,230990,171000,59990,26,4.0,4
Dell Inspiron 15-inch Laptop | Windows 11 and MS Office 2021 | Intel Core i5-1235U | 8GB RAM and 512GB SSD | FHD WVA AG 120Hz 250 Nits | 3520 - Black (D560871WIN9B),Dell,72180,57599,14581,20,3.5,22
Chuwi CoreBook X Laptop 1215U 14 inch | Intel 12th Gen i3 | WiFi 6 | 3:2 Aspect Ratio |100% sRGB | DDR4 16GB + SSD 512GB | Metal Body,Chuwi,49990,33990,16000,32,4.0,6
"Dell Vostro 3425 Laptop, R5-5625U, 8GB DDR4, 512GB SSD, Radeon Graphics, 14.0"" (35.56Cms) FHD WVA AG 250 nits, Win 11+ MSO'21, Carbon Black, (D552306WIN9BE, 1.48Kgs)",Dell,68145,46990,21155,31,0.0,0
AXL Laptop (Vayu Book) Newly Launched Thin & Light | 14.1 Inch HD Display (4GB/128GB SSD | 1920*1080 FHD IPS | HD Gemini Lake N4020 | Windows 11 Home | UHD Graphics 600 | Space Grey,AXL,31990,17990,14000,44,3.0,2
"Dell Inspiron 3520 Laptop,12th Gen Intel Core i3-1215,Windows 11 + MSO'21, 8GB, 512GB SSD, 15.6"" (39.62Cms) FHD WVA AG 120Hz 250 nits, Silver (D560915WIN9S. 1.65Kgs)",Dell,66773,49600,17173,26,3.5,22
"(Renewed) Lenovo Thinkpad Laptop X250 Intel Core i3 - 5010u Processor, 8 GB Ram & 512 GB SSD & 1TB HDD, Win10, 12.5 Inches 1.3 KG Ultralight Computer",Renewed,119000,34190,84810,71,0.0,0
"Lenovo IdeaPad Slim 1 AMD Ryzen 5 3500U 15.6"" (39.62cm) FHD Thin & Light Laptop (8GB/512GB SSD/Windows 11/Office 2021/3months Game Pass/Cloud Grey/1.6Kg), 82R1004AIN",Lenovo,60090,41399,18691,31,3.7,230
"Apple 2022 MacBook Air Laptop with M2 chip: 34.46 cm (13.6-inch) Liquid Retina Display, 8GB RAM, 512GB SSD Storage, Backlit Keyboard, 1080p FaceTime HD Camera. Works with iPhone/iPad; Starlight",Apple,149900,139990,9910,7,3.7,3
"ASUS ROG Zephyrus G15(2022), 15.6"" (39.62 cms) 2K WQHD 165Hz/3ms, AMD Ryzen 7 6800HS, 6GB RTX 3060, Gaming Laptop (16GB/1TB SSD/90WHrs Battery/Windows 11/Office 2021/White/1.9 Kg), GA503RM-HQ142WS",Asus,189990,156690,33300,18,4.5,5
"ASUS TUF Gaming A15, 15.6-inch (39.62 cms) FHD 144Hz, AMD Ryzen 5 4600H, 4GB NVIDIA GeForce GTX 1650, Gaming Laptop (8GB/512GB SSD/Windows 11/Black/2.3 Kg), FA506IHRZ-HN111W",Asus,71990,54990,17000,24,4.3,188
"(Renewed) HP Chromebook 11A G6 EE 11.6 inches HD Chromebook (AMD A4-9120C/4GB/16GB eMMC/Chrome OS 64/AMD Radeon R4 Graphics),Delicate Orange - 6QG64PA, 1.27Kg",Renewed,89999,10999,79000,88,3.0,32
"HP 15s, Intel Core i3-1115G4, 15.6 inch(39.6cm) FHD Laptop(8GB RAM/1TB HDD+256GB SSD/Intel UHD Graphics/Win 11/MSO/Dual Speakers/Alexa) 15s-du3612TU",HP,52864,40990,11874,22,0.0,0
"(Renewed) ASUS Chromebook Celeron Dual Core - (Intel, 4 GB/32 GB EMMC Storage/Chrome OS) C223NA-GJ0074 Thin and Light Laptop 11.6 inch (30 cm) (Grey, 1 Kg)",Renewed,19000,11990,7010,37,3.6,3
"Lenovo V15 AMD Ryzen 3 5300U 15.6"" (39.62cm) FHD 250 nits Antiglare Thin and Light Laptop (8GB/512GB SSD/DOS/1 Year Onsite Warranty /Iron Grey/1.7 Kg), 82KDA01UIH",Lenovo,69297,32990,36307,52,4.0,1
"Infinix X1 Slim Series Core i3 10th Gen - (8 GB/256 GB SSD/Windows 11 Home) XL21 Thin and Light Laptop (14 inch, Starfall Grey, 1.24 kg)",Infinix,49999,30790,19209,38,3.0,3
"ASUS ROG Strix G17 (2022), 17.3""(43.94 cms) WQHD 240Hz/3ms, AMD Ryzen 9 6900HX, 4GB RTX 3070 Ti Graphics, Gaming Laptop (16GB/1TB SSD/90WHrs Battery/Win 11/Office/Volt Green/2.9 kg), G713RW-LL133WS",Asus,244990,181990,63000,26,3.4,2
"(Renewed) Lenovo ThinkPad T470 intel 6th Gen Core i5 Laptop, 8 GB RAM, 256GB SSD, 14 inch (36.83 cms), Windows 11 (Upgraded), MS Office, Black",Renewed,59999,22999,37000,62,3.6,73
"ASUS ROG Zephyrus G14 (2022), 14"" (35.56 cm) FHD+ 16:10 144Hz/3ms, AMD Ryzen 7 6800HS, 8GB Radeon RX 6700S, Gaming Laptop (16GB/1TB SSD/Windows 11/with Office/Eclipse Gray/1.65 Kg), GA402RJZ-L4134WS",Asus,182990,151990,31000,17,5.0,4
"ASUS ROG Zephyrus G15 (2022), 15.6""(39.62 cm) WQHD 165Hz/3ms, AMD Ryzen 7 6800HS, 6GB RTX 3060 Graphics, Gaming Laptop (16GB/1TB SSD/90WHrs Battery/Windows 11/Office 2021/Gray/1.9 Kg) GA503RM-HQ111WS",Asus,170990,147970,23020,13,4.5,4
"ASUS ROG Zephyrus G15, AMD Ryzen 9 6900HS, 15.6"" (39.62 cm) WQHD 165Hz/3ms, 8GB RTX 3080 Graphics, Gaming Laptop (16GB/1TB SSD/Win 11/Office 2021/90WHr Battery/Gray/1.9 kg), GA503RSZ-HQ061WS",Asus,254990,211990,43000,17,0.0,0
"HP 240 G8 Laptop PC with I3 11th Gen (1115G4)/8 GB DDR4-3200 MHz RAM/512 GB PCIe® NVMe™ SSD /Intel® UHD Graphics/35.6 cm (14"" inch)/1.47 KG/Windows 11/Black/1 Year Onsite Warranty",HP,49199,36500,12699,26,0.0,0
"(Renewed) Lenovo Thinkpad Intel Core i5 14-Inch (35.56 cms) 1366x768 Laptop (4 GB/500 GB/Windows 10/Intel HD Graphics/Black/1.90 Kg), T430",Renewed,50000,14006,35994,72,3.7,15
"Lenovo IdeaPad Slim 3 Intel Core i3 11th Gen 15.6"" (39.62cm) FHD Thin & Light Laptop (8GB/512GB SDD/Windows 11/Office 2021/2Yr Warranty/3months Game Pass/Arctic Grey/1.65Kg), 82H801L7IN",Lenovo,59390,37200,22190,37,4.1,541
"Lenovo (Renewed) Thinkpad Laptop Intel Core i5 - 7200u Processor 7th Gen., 16 GB Ram & 256 GB SSD, 14 Inches Notebook Computer",Lenovo,96990,25990,71000,73,0.0,0
"Lenovo (Renewed) Thinkpad Laptop Intel Core i5 - 7200u Processor 7th Gen., 8 GB Ram & 512 GB SSD, 14 Inches Notebook Computer",Lenovo,96990,25990,71000,73,0.0,0
"Honor MagicBook 14, AMD Ryzen 5 5500U 14-inch (35.56 cm) FHD IPS Anti-Glare Thin and Light Laptop (16GB/512GB PCIe SSD/Windows 11/Fingerprint Login/Metal Body/Backlit KB/1.38Kg), Mystic Silver",Honor,75999,44490,31509,41,0.0,0
"Lenovo E41-55 AMD 14-inch HD 220 Nits Antiglare Thin and Light Laptop (AMD Athlon A3150U/4GB RAM/1TB HDD/DOS/Integrated AMD Graphics/Grey/1 Year Onsite/1.59 kg), 82FJ00ALIH",Lenovo,38000,18990,19010,50,3.1,11
"ASUS Rog Zephyrus M16 (2022) 16 Inches 2K Qhd 165Hz/3Ms, Intel Core I9-12900H 12Th Gen, RTX 3080 Ti 16Gb Graphics, Gaming Laptop (32Gb/2Tb Ssd/Windows 11 Home/Office 2021/Black/2 Kg) Gu603Zx-K8024Ws",Asus,389990,304990,85000,22,4.4,6
"HP 250 G8 (6G9R1PA) Laptop (Intel Core i3/ 11th Gen/ 8GB RAM/ 512 GB SSD/DOS/ 15.6 inch Display/ 1 Year Warranty), Black",HP,41208,34009,7199,17,2.7,2
"Lenovo IdeaPad 3 11th Gen Intel Core i3 15.6"" (39.62cm) FHD Anti-Glare (8GB/ 512 GB SSD/Windows 11 Home/Integrated Intel/Arctic Grey/1.65 kg),82H801LJIN",Lenovo,62190,39026,23164,37,4.1,493
"ASUS ROG Strix G15 (2022), 15.6""(39.62 cm) WQHD 165Hz/3ms, AMD Ryzen 9 6900HX, 8GB RTX 3070 Ti Graphics, Gaming Laptop (16GB/1TB SSD/90WHrs Battery/Windows 11/Office 2021/Punk/2.3 Kg), G513RW-HQ149WS",Asus,257990,177990,80000,31,5.0,2
"Samsung Galaxy Book3 Pro 360 Intel 13th Gen i5 EvoTM 40.62cm(16"") Touchscreen 2-in-1 3K Display, 120Hz, Thin & Light Laptop(16 GB/512 GB SSD/Windows 11/MS Office/S-Pen/Graphite/1.6Kg), NP960QFG-KA2IN",Samsung,194990,155990,39000,20,0.0,0
"ASUS VivoBook 14 (2021), Intel Core i5-1135G7 11th Gen, 14-inch (35.56 cms) FHD Thin and Light Laptop (8GB/256GB SSD/Office 2021/Windows 11/Integrated Graphics/Silver/1.6 Kg), X415EA-EB502WS",Asus,66990,44190,22800,34,4.0,12
"(Renewed) Lenovo IdeaPad 6th Gen Intel Core i3 Thin & Light HD Laptop (8 GB DDR4 RAM/256 GB SSD/14"" (35.6 cm)/Windows 11/MS Office/WiFi/Bluetooth/Webcam/Integrated Graphics)",Renewed,40000,17498,22502,56,2.6,28
"MSI CreatorPro Z17, Intel 12th Gen. i7-12700H, 43CM QHD+ 165Hz Creator Laptop (32GB/1TB NVMe SSD/ Windows 11 Pro/Nvidia RTX A5500 16GB GDDR6/Lunar Grey/2.49Kg), A12UMST-237IN",MSI,492990,444990,48000,10,3.0,3
"ASUS ROG Zephyrus G15(2022), 15.6"" (39.62 cms) 2K WQHD 165Hz/3ms, AMD Ryzen 9 6900HS, 8GB RTX 3080, Gaming Laptop, GA503RS-HQ027WS MW203 Wireless Silent Mouse (Blue)",Asus,258980,213588,45392,18,4.5,4
"HP Victus Gaming Latest AMD Ryzen 5 5600H Processor 16.1 inch(40.9 cm) FHD Gaming Laptop (8GB RAM/512GB SSD/4GB Radeon RX5500M Graphics/B&O/Backlit KB/Win 10/MS Office/Xbox Game Pass),16-E0162ax",HP,71343,55990,15353,22,4.3,1289
"Lenovo IdeaPad Gaming 3 Intel Core i5-11320H 15.6"" (39.62cm) FHD IPS 60Hz Gaming Laptop (8GB/512GB SSD/Win 11/NVIDIA GTX 1650 4GB/Alexa/3 Month Game Pass/Shadow Black/2.2Kg), 82K101B6IN",Lenovo,76890,53790,23100,30,4.2,104
"Lenovo V14-IGL Intel Celeron N4020 4M Cache, up to 2.80 GHz Laptop with 4 GB Ram, 1TB HDD, Windows 11 Home ,14"" Full HD(1920x1080) Display, 1 Year Onsite Warranty",Lenovo,78654,21999,56655,72,3.4,87
"GIGABYTE G5 GD-51IN123SE with 15.6"" FHD 144Hz, Intel 11th Gen i5- 11400H ,Nvidia RTX 3050 4G Gaming Laptop (16GB DDR4 Memory/ Windows 11 Home/64bit + Office 365 / Gen4 512 GB SSD Black )",GIGABYTE,127875,63990,63885,50,0.0,0
Acer Aspire 5 12th Gen Intel Core i5 (16 GB RAM/512 GB SSD/Windows 11 Home/ MS Office 2021/ Fingerprint Reader/ Backlit Keyboard/ Safari Gold/ 1.76 KG/ A515-57,Acer,71999,61990,10009,14,4.3,3
"MSI Katana GF66, Intel 12th Gen. i5-12450H, 40CM FHD 144Hz Gaming Laptop (8GB/512GB NVMe SSD/Windows 11 Home/Nvidia RTX3050 4GB GDDR6/Black/2.25Kg), 12UC-636IN",MSI,95990,68990,27000,28,3.9,14
(Renewed) HP 840g3 Elitebook Ultralight 1.48 KG (6th Gen Intel Core i5 - 6300U /8 GB/512 GB SSD/Windows 10 Pro/Silver /14 Inch Screen),Renewed,49999,20824,29175,58,3.2,80
"Dell Vostro 3425 Laptop, R3-5425U, 8GB DDR4, 256GB SSD, Win 11 + Office H&S 2021, 14.0"", AMD 35.56 Cms FHD WVA AG 250 nits, Carbon Black (D552305WIN9BE, 148Kgs) Windows 11",Dell,50837,40299,10538,21,0.0,0
"(Renewed) Lenovo Thinkpad Laptop x270 Intel Core i7-7th Gen Processor , 16 GB Ram & 512 GB SSD, 12.5 Inches FHD 1080p 1.43KG Light Weight Notebook Computer",Renewed,129000,29990,99010,77,0.0,0
"HP Victus AMD Ryzen 5-5600H 15.6 inch(39.6 cm) FHD Gaming Laptop (8GB RAM/512GB SSD/RTX 3050 4GB Graphics/144Hz/9ms Response Time/Win 11/MSO/Backlit KB/B&O Audio/Xbox Pass(30 Day)),15-fb0050AX",HP,82671,67650,15021,18,4.5,4
"Lenovo ThinkBook 15 Core i5 Laptop (8GB/1TB SSD/Win10/1.7 Kg), 20VEA09AIH",Lenovo,94550,68852,25698,27,4.0,1
"AVITA SATUS S111 NU14A1INC43PN-SG 14.1 FHD (35.81cms) Laptop (Intel Celeron N4020/4GB/128GB SSD/FHD Display/Windows 11 Home/ Intel UHD Graphics), Space Grey",AVITA,29990,16490,13500,45,3.3,243
"ASUS VivoBook S15 S533 Thin and Light Laptop, 15.6” FHD, Intel Core i5-10210U CPU, 8GB DDR4 RAM, 512GB PCIe SSD, Windows 10 Home, S533FA-DS51, Indie Black",Asus,87590,47990,39600,45,4.6,193
"Infinix INBook X1 Neo Series Celeron Quad Core - (Intel, 4 GB/128 GB SSD/Windows 11 Home) XL22 Thin and Light Laptop (14 inch (35 cm) Cosmic Blue, 1.24 kg)",Infinix,29990,22990,7000,23,0.0,0
"(Renewed) HP Ultra Beautiful Laptop 348G4 Intel Core i5 Mobile-7th Gen -Processor, 64 GB Ram & 128 GB SSD, 14Inches Screen Notebook Computer",Renewed,89990,34990,55000,61,0.0,0
"LG Gram17 Intel EVO-[12th Gen Core i5/Win11/8GB/512GB SSD Intel Iris Xe Graphics] [Thunderbolt4/USB-C] [FHD Webcam+Built-in AI] 80WH Battery 3 Yrs Warranty (Black,1.35 kg)",LG,138000,87990,50010,36,4.3,7
"Samsung Galaxy Book3 Pro Intel 13th Gen i7 EvoTM 40.62cm(16"") Dynamic Amoled 2X, 3K Display, 120Hz, Ultra Thin & Light Laptop(16 GB/512 GB SSD/Windows 11/MS Office/Graphite/1.56Kg), NP960XFG-KC1IN",Samsung,187990,149990,38000,20,0.0,0
"ASUS ROG Zephyrus Duo 16, 16"" (40.64 cm) UHD+/FHD+ 16:10 120Hz/240Hz/3ms, AMD Ryzen 9 6900HX, 16GB RTX 3080 Ti, Dual-Screen Gaming Laptop, GX650RXZ-LB226WS + ASUS MW203 Wireless Silent Mouse (Blue)",Asus,477980,398588,79392,17,3.0,8
"(Renewed) Lenovo Thinkpad T440 14 inches Robust Security & Manageability Laptop (Intel Core i5 4th Gen/8GB/500GB HDD/Windows 10/MS Office Pro 2019/Integrated Graphics), Black, 1.9kg",Renewed,80000,15949,64051,80,3.3,19
"(Renewed) HP Ultra Beautiful Laptop 348G4 Intel Core i5 Mobile-7th Gen -Processor, 32 GB Ram & 1TB SSD, 14Inches Screen Notebook Computer",Renewed,89990,27990,62000,69,0.0,0
"Lenovo (Renewed) Thinkpad Laptop Intel Core i5 - 7200u Processor 7th Gen., 8 GB Ram & 128 GB SSD, 14 Inches Notebook Computer",Lenovo,96990,23990,73000,75,0.0,0
"ASUS Zenbook 14 OLED (2022), 14"" (35.56 cms) 2.8K OLED 16:10 90Hz, Intel Core Evo i5-1240P 12th Gen, Thin and Light Laptop (16GB/512GB SSD/Windows 11/Office 2021/Blue/1.39 kg), UX3402ZA-KM531WS",Asus,115000,89990,25010,22,3.9,38
"Dell Gaming G15 5525, AMD R5-6600H, 8GB, 512GB SSD, NVIDIA RTX 3050 (4GB GDDR6), 15.6"" (39.62Cms) FHD WVA AG 120Hz 250 nits, Win 11 + MSO'21, Phantom Grey with speckles, 2.51Kgs (D560817WIN9B)",Dell,101448,69990,31458,31,4.3,5
"HP 14s, 12th Gen Intel Core i5 16GB RAM/512GB SSD 14-inch(35.6 cm) Micro-Edge, FHD Laptop/Intel Iris Xe Graphics/Alexa/Dual Speakers/Win 11/Backlit KB/MSO 2021/1.41 Kg, 14s-dy5005TU",HP,72331,61921,10410,14,3.9,457
"ASUS Zenbook 14X OLED Space Edition, 14""(35.56 cms)2.8K OLED 16:10 90Hz Touch, Intel Core i7-12700H 12th Gen, Thin & Light Laptop(16GB/1TB SSD/Windows 11/Office 2021/Titanium/1.4 kg)UX5401ZAS-KN711WS",Asus,164990,116690,48300,29,4.3,5
"ASUS Zenbook Flip 14 OLED (2022), 14""(35.56 cm) 2.8K OLED 16:10 90Hz Touch, Intel Core i7 12th Gen, Thin &Light Laptop (16GB/1TB SSD/Iris Xe Graphics/Win 11/Office 2021/Grey/1.40 kg) UP5401ZA-KN711WS",Asus,158990,146490,12500,8,4.6,3
"ASUS VivoBook K15 OLED (2021), 15.6-inch FHD OLED, Intel Core i7-1165G7 11th Gen, Thin and Light Laptop (16GB/512GB SSD/Iris Xe Graphics/Office 2021/Windows 11/Indie Black/1.8 Kg) K513EA-L712WS",Asus,100990,69990,31000,31,3.7,17
"Samsung Galaxy Book3 Pro 360 Intel 13th Gen i7 EvoTM 40.62cm(16"") Touchscreen 2-in-1 3K Display, 120Hz, Thin & Light Laptop(16 GB/1 TB SSD/Windows 11/MS Office/S-Pen/Graphite/1.6Kg), NP960QFG-KA3IN",Samsung,224990,179990,45000,20,0.0,0
"(Renewed) Lenovo IdeaPad 1 Intel Celeron N4020 11.6'' HD Laptop (4GB/256GB SSD/Windows 11/Office 2021/Platinum Grey/1.2Kg), 81VT009UIN",Renewed,24990,16301,8689,35,2.9,12
"MSI Katana GF66, Intel 12th Gen. i7-12650H, 40CM FHD 144Hz Gaming Laptop (16GB/1TB NVMe SSD/Windows 11 Home/Nvidia RTX3060 6GB GDDR6/Black/2.25Kg), 12UE-1002IN",MSI,128990,99990,29000,22,4.1,5
"(Renewed) Lenovo IdeaPad Flex 5 11th Gen Intel Core i7 14"" FHD 2-in-1 Convertible Laptop (16 GB/512GB SDD/Windows 11/MS Office 2021/Backlit Keyboard /Graphite Grey/1.5Kg), 82HS00W4IN",Renewed,103000,84000,19000,18,0.0,0
"Samsung Galaxy Book3 Pro 360 Intel 13th Gen i7 EvoTM 40.62cm(16"") Touchscreen 2-in-1 3K Display, 120Hz, Thin & Light Laptop(16 GB/512 GB SSD/Windows 11/MS Office/S-Pen/Graphite/1.6Kg), NP960QFG-KA1IN",Samsung,204990,163990,41000,20,0.0,0
"MSI Katana GF76, Intel 11th Gen. i7-11800H, 43CM FHD 144Hz Gaming Laptop (16GB/512GB NVMe SSD/ Windows 11 Home/Nvidia RTX3050Ti 4GB GDDR6/Black/2.6Kg), 11UD-849IN",MSI,104990,81990,23000,22,4.4,7
"Lenovo (Renewed) Thinkpad Laptop Intel Core i5 - 7200u Processor 7th Gen., 32 GB Ram & 128 GB SSD, 14 Inches Notebook Computer",Lenovo,96990,30990,66000,68,0.0,0
"(Renewed) Lenovo Idea Pad 3 Intel Core i3 11th Gen, 8GB/ 512 GB SSD, 15.6"" (39.62cm) FHD Anti-Glare, Windows 11 Home, Integrated Intel, Arctic Grey,1.65 kg, 82H700V2IN",Renewed,54990,34320,20670,38,0.0,0
"(Renewed) Lenovo Idea Pad 3 Intel Core i3 11th Gen, 8GB/ 512 GB SSD, 15.6"" (39.62cm) FHD Anti-Glare, Windows 11 Home, Integrated Intel, Arctic Grey,1.65 kg, 82H801LJIN",Renewed,39026,30399,8627,22,0.0,0
"(Renewed) HP Ultra Beautiful Laptop 348G4 Intel Core i5 Mobile-7th Gen -Processor, 32 GB Ram & 512 GB SSD, 14Inches Screen Notebook Computer",Renewed,89990,25990,64000,71,0.0,0
"Lenovo (Renewed) Thinkpad Laptop Intel Core i5 - 7200u Processor 7th Gen., 16 GB Ram & 1TB SSD, 14 Inches Notebook Computer",Lenovo,96990,29990,67000,69,0.0,0
"Lenovo Yoga 9 Intel Evo i7 1280P 14""(35.56cm) QHD OLED 2-in-1 400Nits Laptop(16GB/1TB SSD/Win 11/Office 2021/Backlit KB/E-Colour Pen/3Yr Warranty/Alexa/3 Month Game Pass/Oatmeal/1.4Kg), 82LU008TIN",Lenovo,237890,179990,57900,24,0.0,0
"(Renewed) Lenovo Yoga 6 AMD Ryzen 7 5700U 13.3"" (33.78cm) FHD IPS 2-in-1 Touchscreen Convertible Laptop (16GB/1TB SSD/Windows 11/Office 2021/Backlit Keyboard/Abyss Blue/1.31Kg), 82ND007VIN",Renewed,82000,67992,14008,17,0.0,0
"(Renewed) Dell Latitude 7410 14"" Notebook - Full HD - 1920 x 1080 - Core i7 i7-10610U 10th Gen 1.8GHz Hexa-core (6 Core) - 16GB RAM - 512GB SSD",Renewed,118000,48000,70000,59,0.0,0
"(Renewed) Lenovo Legion Y740 Intel 9th Gen Core i7 15.6-Inch (39.62 cms) 1920 x 1080 (Full HD) Laptop (16 GB/1TB SSD/Windows 10 Home/MS Office /NVIDIA GeForce RTX 2060/Black/2.2 Kg), 81UH006YIN",Renewed,207490,91194,116296,56,0.0,0
"(Renewed) HP Ultra Beautiful Laptop 348G4 Intel Core i5 Mobile-7th Gen -Processor, 32 GB Ram & 256 GB SSD, 14Inches Screen Notebook Computer",Renewed,89990,24990,65000,72,0.0,0
"Lenovo (Renewed) Thinkpad Laptop Intel Core i5 - 7200u Processor 7th Gen., 4 GB Ram & 128 GB SSD, 14 Inches Notebook Computer",Lenovo,96990,22990,74000,76,0.0,0
Acer Aspire 3 Laptop Intel core i5 12th Gen - (8 GB/512 GB SSD/Windows 11 Home/ MS Office Home and Student 2021) A315-59 with 39.6 cm (15.6 inches) FHD Display / 1.7 Kgs,Acer,63999,54999,9000,14,5.0,4
Acer Nitro 5 Gaming Laptop Intel core i7 11th Gen (Windows 11 Home/16 GB/512 GB SSD/ NVIDIA® GeForce RTX 3050 Ti/144hz) AN515-57 with 39.6 cm (15.6 inches) IPS Display / 2.2 Kgs,Acer,99990,85990,14000,14,0.0,0
"(Renewed) (Renewed) Lenovo IdeaPad Slim 3 Intel Core i5 10th Gen, (8GB/512GB SSD) 15.6 inch (39.62cm) FHD Thin & Light Laptop, (Windows 11/NVIDIA GeForce MX330 2GB/Platinum Grey/1.7Kg), 81WB0190IN",Renewed,52700,39675,13025,25,0.0,0
"(Renewed) Dell Latitude 7400 Laptop - 14.0"" FHD AG W/ IR Cam - 1.9 GHz Intel Core i7-8665U Quad-Core - 512GB SSD - 16GB - Windows 10 pro",Renewed,48900,36000,12900,26,0.0,0
"(Renewed) HP Ultra Beautiful Laptop 348G4 Intel Core i5 Mobile-7th Gen -Processor, 64 GB Ram & 512 GB SSD, 14Inches Screen Notebook Computer",Renewed,89990,35990,54000,60,0.0,0
"(Renewed) Lenovo Thinkpad Laptop x270 Intel Core i7-7th Gen Processor , 8 GB Ram & 128 GB SSD, 12.5 Inches FHD 1080p 1.43KG Light Weight Notebook Computer",Renewed,129000,26990,102010,79,0.0,0
"Acer Swift 5 Intel Evo Premium 14 Inches Full Hd Ips Touch Display 11Th Gen Intel Core I7-1165G7 Processor Thin And Light Laptop 16Gb Lpddr4X 1Tb Ssd Backlit Keyboard Windows 11 Mso 2021, Green, Large",Acer,136999,104990,32009,23,3.3,7
"(Renewed) Dell Latitude 7400 Laptop - 14.0"" FHD AG Touch Screen IR Cam - 1.9 GHz Intel Core i7-8665U Quad-Core - 512GB SSD - 16GB - Win10 pro - Dell Complete Care",Renewed,48900,36000,12900,26,4.0,1
"(Renewed) Lenovo IdeaPad Slim 3, Intel Core i3 11th Gen, (8GB/512GB SSD) 15.6"" (39.62cm) FHD Laptop, (Window 11/Alexa Built-in/Arctic Grey/1.65Kg), 82H802L3IN",Renewed,39500,31992,7508,19,0.0,0
"(Renewed) Dell Latitude Laptop 7390 Intel Core i7 Mobile-8th Gen Processor , 8 GB Ram & 1TB SSD, 13.3 Inches FHD 1080p 1.17KG Light Weight Notebook Computer",Renewed,129000,31990,97010,75,0.0,0
"(Renewed) HP Ultra Beautiful Laptop 348G4 Intel Core i5 Mobile-7th Gen -Processor, 32 GB Ram & 128 GB SSD, 14Inches Screen Notebook Computer",Renewed,89990,23990,66000,73,0.0,0
"Lenovo (Renewed) Thinkpad Laptop Intel Core i5 - 7200u Processor 7th Gen., 32 GB Ram & 256 GB SSD, 14 Inches Notebook Computer",Lenovo,96990,31990,65000,67,0.0,0
"(Renewed) Lenovo Thinkpad Laptop x270 Intel Core i7-7th Gen Processor , 4 GB Ram & 256 GB SSD, 12.5 Inches FHD 1080p 1.43KG Light Weight Notebook Computer",Renewed,129000,26990,102010,79,0.0,0
"(Renewed) (Renewed) Lenovo IdeaPad Slim 3i Intel Core i5 11th gen (8GB /256GB SSD)15.6 inch (39.624cms) FHD Laptop, (Iris Xe Graphics /Windows 10/Grey/ 2.2kg), 82H801CSIN",Renewed,52990,42240,10750,20,0.0,0
"(Renewed) (Renewed) Lenovo IdeaPad 3 Intel Core i3 10th Gen, (8GB/1TB HDD), 15.6 inch (39.624cms) FHD Laptop, (Windows 11/Platinum Grey/1.7Kg), 81WB01EDIN",Renewed,59999,30160,29839,50,0.0,0
"(Renewed) Dell Latitude Laptop 7390 Intel Core i7 Mobile-8th Gen Processor , 4 GB Ram & 2TB SSD, 13.3 Inches FHD 1080p 1.17KG Light Weight Notebook Computer",Renewed,129000,35990,93010,72,0.0,0
"(Renewed) HP Ultra Beautiful Laptop 348G4 Intel Core i5 Mobile-7th Gen -Processor, 8 GB Ram & 1TB SSD, 14Inches Screen Notebook Computer",Renewed,89990,23990,66000,73,0.0,0
"Lenovo (Renewed) Thinkpad Laptop Intel Core i5 - 7200u Processor 7th Gen., 8 GB Ram & 1TB SSD, 14 Inches Notebook Computer",Lenovo,96990,28990,68000,70,0.0,0
"(Renewed) Lenovo Thinkpad Laptop x270 Intel Core i7-7th Gen Processor , 8 GB Ram & 2TB SSD, 12.5 Inches FHD 1080p 1.43KG Light Weight Notebook Computer",Renewed,129000,35990,93010,72,0.0,0
"(Renewed) Lenovo Legion 5 AMD Ryzen 5 4600H 15.6 inches Full HD Gaming Laptop (8GB/1TB HDD + 256GB SSD/Windows 10/120 Hz/NVIDIA GTX 1650 4GB GDDR6 Graphics/Phantom Black/2.3Kg), 82B500BHIN",Renewed,79990,52553,27437,34,4.0,22
"(Renewed) (Renewed) Lenovo IdeaPad Slim 3 Intel Core i3 11th Gen (8GB/512GB SDD), 15.6-inch (39.62cm) FHD IPS Thin & Light Laptop, (Windows 11/Platinum Grey/1.7Kg), 81X800LAIN",Renewed,38026,29287,8739,23,3.5,2
"(Renewed) Lenovo Thinkpad Laptop x270 Intel Core i7-7th Gen Processor , 4 GB Ram & 2TB SSD, 12.5 Inches FHD 1080p 1.43KG Light Weight Notebook Computer",Renewed,129000,34990,94010,73,0.0,0
"Lenovo ThinkPad E14 Intel Core i7 11th Gen 14-inch (35.56cm) FHD TN Antiglare Thin and Light Laptop (16GB RAM/512GB SSD/Windows 11 Home/Microsoft Office H&S 2021/FPR/Black/1.59 kg), 20TAS1B400",Lenovo,145800,94999,50801,35,4.2,13
THAKAR Communication i5 elitebook 840 Laptop,THAKAR,39550,36550,3000,8,0.0,0
"(Renewed) HP Zbook Mini Server Laptop Intel E3- 1505M v6 Processor, 8 GB Ram & 2TB SSD, 15.6 Inches with Nvidia Quadro M1200 Graphic Card Notebook Computer",Renewed,195000,57990,137010,70,0.0,0
"(Renewed) Lenovo Thinkpad Laptop x270 Intel Core i7-7th Gen Processor , 32 GB Ram & 1TB SSD, 12.5 Inches FHD 1080p 1.43KG Light Weight Notebook Computer",Renewed,129000,37990,91010,71,0.0,0
"(Renewed) HP Zbook Mini Server Laptop Intel E3- 1505M v6 Processor, 8 GB Ram & 1TB SSD, 15.6 Inches with Nvidia Quadro M1200 Graphic Card Notebook Computer",Renewed,195000,52490,142510,73,0.0,0
"(Renewed) Dell Latitude Laptop 7390 Intel Core i7 Mobile-8th Gen Processor , 8 GB Ram & 2TB SSD, 13.3 Inches FHD 1080p 1.17KG Light Weight Notebook Computer",Renewed,129000,36990,92010,71,0.0,0
"(Renewed) HP Ultra Beautiful Laptop 348G4 Intel Core i5 Mobile-7th Gen -Processor, 8 GB Ram & 512 GB SSD, 14Inches Screen Notebook Computer",Renewed,89990,20990,69000,77,0.0,0
"(Renewed) Lenovo Thinkpad Laptop x270 Intel Core i7-7th Gen Processor , 8 GB Ram & 512 GB SSD, 12.5 Inches FHD 1080p 1.43KG Light Weight Notebook Computer",Renewed,129000,28990,100010,78,0.0,0
"(Renewed) HP Zbook Mini Server Laptop Intel E3- 1505M v6 Processor, 4 GB Ram & 1TB SSD, 15.6 Inches with Nvidia Quadro M1200 Graphic Card Notebook Computer",Renewed,195000,51990,143010,73,0.0,0
